selection_id,selected_at,student_id,roll_no,student_name,department,year,semester,subject_code,staff_id,selection_order
SEL00001,2026-06-15 10:00:00,STU0001,23CS001,Aarav Sharma,Computer Science & Engineering,3,5,CS301,STF004,1
SEL00002,2026-06-15 10:00:00,STU0001,23CS001,Aarav Sharma,Computer Science & Engineering,3,5,CS302,STF006,2
SEL00003,2026-06-15 10:00:00,STU0001,23CS001,Aarav Sharma,Computer Science & Engineering,3,5,CS303,STF005,3
SEL00004,2026-06-15 10:00:00,STU0001,23CS001,Aarav Sharma,Computer Science & Engineering,3,5,CS304,STF005,4
SEL00005,2026-06-15 10:00:00,STU0001,23CS001,Aarav Sharma,Computer Science & Engineering,3,5,CS305,STF006,5
SEL00006,2026-06-15 10:00:00,STU0001,23CS001,Aarav Sharma,Computer Science & Engineering,3,5,CS306,STF010,6
SEL00007,2026-06-15 10:00:00,STU0002,23CS002,Vivaan Verma,Computer Science & Engineering,3,5,CS301,STF008,1
SEL00008,2026-06-15 10:00:00,STU0002,23CS002,Vivaan Verma,Computer Science & Engineering,3,5,CS302,STF011,2
SEL00009,2026-06-15 10:00:00,STU0002,23CS002,Vivaan Verma,Computer Science & Engineering,3,5,CS303,STF009,3
SEL00010,2026-06-15 10:00:00,STU0002,23CS002,Vivaan Verma,Computer Science & Engineering,3,5,CS304,STF009,4
SEL00011,2026-06-15 10:00:00,STU0002,23CS002,Vivaan Verma,Computer Science & Engineering,3,5,CS305,STF008,5
SEL00012,2026-06-15 10:00:00,STU0002,23CS002,Vivaan Verma,Computer Science & Engineering,3,5,CS306,STF011,6
SEL00013,2026-06-15 10:00:00,STU0003,23CS003,Aditya Patel,Computer Science & Engineering,3,5,CS301,STF012,1
SEL00014,2026-06-15 10:00:00,STU0003,23CS003,Aditya Patel,Computer Science & Engineering,3,5,CS302,STF002,2
SEL00015,2026-06-15 10:00:00,STU0003,23CS003,Aditya Patel,Computer Science & Engineering,3,5,CS303,STF014,3
SEL00016,2026-06-15 10:00:00,STU0003,23CS003,Aditya Patel,Computer Science & Engineering,3,5,CS304,STF013,4
SEL00017,2026-06-15 10:00:00,STU0003,23CS003,Aditya Patel,Computer Science & Engineering,3,5,CS305,STF012,5
SEL00018,2026-06-15 10:00:00,STU0003,23CS003,Aditya Patel,Computer Science & Engineering,3,5,CS306,STF007,6
SEL00019,2026-06-15 10:00:00,STU0004,23CS004,Vihaan Sundaram,Computer Science & Engineering,3,5,CS301,STF001,1
SEL00020,2026-06-15 10:00:00,STU0004,23CS004,Vihaan Sundaram,Computer Science & Engineering,3,5,CS302,STF006,2
SEL00021,2026-06-15 10:00:00,STU0004,23CS004,Vihaan Sundaram,Computer Science & Engineering,3,5,CS303,STF003,3
SEL00022,2026-06-15 10:00:00,STU0004,23CS004,Vihaan Sundaram,Computer Science & Engineering,3,5,CS304,STF003,4
SEL00023,2026-06-15 10:00:00,STU0004,23CS004,Vihaan Sundaram,Computer Science & Engineering,3,5,CS305,STF001,5
SEL00024,2026-06-15 10:00:00,STU0004,23CS004,Vihaan Sundaram,Computer Science & Engineering,3,5,CS306,STF010,6
SEL00025,2026-06-15 10:00:00,STU0005,23CS005,Arjun Nair,Computer Science & Engineering,3,5,CS301,STF004,1
SEL00026,2026-06-15 10:00:00,STU0005,23CS005,Arjun Nair,Computer Science & Engineering,3,5,CS302,STF011,2
SEL00027,2026-06-15 10:00:00,STU0005,23CS005,Arjun Nair,Computer Science & Engineering,3,5,CS303,STF005,3
SEL00028,2026-06-15 10:00:00,STU0005,23CS005,Arjun Nair,Computer Science & Engineering,3,5,CS304,STF005,4
SEL00029,2026-06-15 10:00:00,STU0005,23CS005,Arjun Nair,Computer Science & Engineering,3,5,CS305,STF006,5
SEL00030,2026-06-15 10:00:00,STU0005,23CS005,Arjun Nair,Computer Science & Engineering,3,5,CS306,STF011,6
SEL00031,2026-06-15 10:00:00,STU0006,23CS006,Sai Menon,Computer Science & Engineering,3,5,CS301,STF008,1
SEL00032,2026-06-15 10:00:00,STU0006,23CS006,Sai Menon,Computer Science & Engineering,3,5,CS302,STF002,2
SEL00033,2026-06-15 10:00:00,STU0006,23CS006,Sai Menon,Computer Science & Engineering,3,5,CS303,STF009,3
SEL00034,2026-06-15 10:00:00,STU0006,23CS006,Sai Menon,Computer Science & Engineering,3,5,CS304,STF009,4
SEL00035,2026-06-15 10:00:00,STU0006,23CS006,Sai Menon,Computer Science & Engineering,3,5,CS305,STF008,5
SEL00036,2026-06-15 10:00:00,STU0006,23CS006,Sai Menon,Computer Science & Engineering,3,5,CS306,STF007,6
SEL00037,2026-06-15 10:00:00,STU0007,23CS007,Reyansh Rao,Computer Science & Engineering,3,5,CS301,STF012,1
SEL00038,2026-06-15 10:00:00,STU0007,23CS007,Reyansh Rao,Computer Science & Engineering,3,5,CS302,STF006,2
SEL00039,2026-06-15 10:00:00,STU0007,23CS007,Reyansh Rao,Computer Science & Engineering,3,5,CS303,STF014,3
SEL00040,2026-06-15 10:00:00,STU0007,23CS007,Reyansh Rao,Computer Science & Engineering,3,5,CS304,STF013,4
SEL00041,2026-06-15 10:00:00,STU0007,23CS007,Reyansh Rao,Computer Science & Engineering,3,5,CS305,STF012,5
SEL00042,2026-06-15 10:00:00,STU0007,23CS007,Reyansh Rao,Computer Science & Engineering,3,5,CS306,STF010,6
SEL00043,2026-06-15 10:00:00,STU0008,23CS008,Ayaan Reddy,Computer Science & Engineering,3,5,CS301,STF001,1
SEL00044,2026-06-15 10:00:00,STU0008,23CS008,Ayaan Reddy,Computer Science & Engineering,3,5,CS302,STF011,2
SEL00045,2026-06-15 10:00:00,STU0008,23CS008,Ayaan Reddy,Computer Science & Engineering,3,5,CS303,STF003,3
SEL00046,2026-06-15 10:00:00,STU0008,23CS008,Ayaan Reddy,Computer Science & Engineering,3,5,CS304,STF003,4
SEL00047,2026-06-15 10:00:00,STU0008,23CS008,Ayaan Reddy,Computer Science & Engineering,3,5,CS305,STF001,5
SEL00048,2026-06-15 10:00:00,STU0008,23CS008,Ayaan Reddy,Computer Science & Engineering,3,5,CS306,STF011,6
SEL00049,2026-06-15 10:00:00,STU0009,23CS009,Krishna Gupta,Computer Science & Engineering,3,5,CS301,STF004,1
SEL00050,2026-06-15 10:00:00,STU0009,23CS009,Krishna Gupta,Computer Science & Engineering,3,5,CS302,STF002,2
SEL00051,2026-06-15 10:00:00,STU0009,23CS009,Krishna Gupta,Computer Science & Engineering,3,5,CS303,STF005,3
SEL00052,2026-06-15 10:00:00,STU0009,23CS009,Krishna Gupta,Computer Science & Engineering,3,5,CS304,STF005,4
SEL00053,2026-06-15 10:00:00,STU0009,23CS009,Krishna Gupta,Computer Science & Engineering,3,5,CS305,STF006,5
SEL00054,2026-06-15 10:00:00,STU0009,23CS009,Krishna Gupta,Computer Science & Engineering,3,5,CS306,STF007,6
SEL00055,2026-06-15 10:00:00,STU0010,23CS010,Ishaan Kumar,Computer Science & Engineering,3,5,CS301,STF008,1
SEL00056,2026-06-15 10:00:00,STU0010,23CS010,Ishaan Kumar,Computer Science & Engineering,3,5,CS302,STF006,2
SEL00057,2026-06-15 10:00:00,STU0010,23CS010,Ishaan Kumar,Computer Science & Engineering,3,5,CS303,STF009,3
SEL00058,2026-06-15 10:00:00,STU0010,23CS010,Ishaan Kumar,Computer Science & Engineering,3,5,CS304,STF009,4
SEL00059,2026-06-15 10:00:00,STU0010,23CS010,Ishaan Kumar,Computer Science & Engineering,3,5,CS305,STF008,5
SEL00060,2026-06-15 10:00:00,STU0010,23CS010,Ishaan Kumar,Computer Science & Engineering,3,5,CS306,STF010,6
SEL00061,2026-06-15 10:00:00,STU0011,23CS011,Shaurya Singh,Computer Science & Engineering,3,5,CS301,STF012,1
SEL00062,2026-06-15 10:00:00,STU0011,23CS011,Shaurya Singh,Computer Science & Engineering,3,5,CS302,STF011,2
SEL00063,2026-06-15 10:00:00,STU0011,23CS011,Shaurya Singh,Computer Science & Engineering,3,5,CS303,STF014,3
SEL00064,2026-06-15 10:00:00,STU0011,23CS011,Shaurya Singh,Computer Science & Engineering,3,5,CS304,STF013,4
SEL00065,2026-06-15 10:00:00,STU0011,23CS011,Shaurya Singh,Computer Science & Engineering,3,5,CS305,STF012,5
SEL00066,2026-06-15 10:00:00,STU0011,23CS011,Shaurya Singh,Computer Science & Engineering,3,5,CS306,STF011,6
SEL00067,2026-06-15 10:00:00,STU0012,23CS012,Atharva Chopra,Computer Science & Engineering,3,5,CS301,STF001,1
SEL00068,2026-06-15 10:00:00,STU0012,23CS012,Atharva Chopra,Computer Science & Engineering,3,5,CS302,STF002,2
SEL00069,2026-06-15 10:00:00,STU0012,23CS012,Atharva Chopra,Computer Science & Engineering,3,5,CS303,STF003,3
SEL00070,2026-06-15 10:00:00,STU0012,23CS012,Atharva Chopra,Computer Science & Engineering,3,5,CS304,STF003,4
SEL00071,2026-06-15 10:00:00,STU0012,23CS012,Atharva Chopra,Computer Science & Engineering,3,5,CS305,STF001,5
SEL00072,2026-06-15 10:00:00,STU0012,23CS012,Atharva Chopra,Computer Science & Engineering,3,5,CS306,STF007,6
SEL00073,2026-06-15 10:00:00,STU0013,23CS013,Diya Joshi,Computer Science & Engineering,3,5,CS301,STF004,1
SEL00074,2026-06-15 10:00:00,STU0013,23CS013,Diya Joshi,Computer Science & Engineering,3,5,CS302,STF006,2
SEL00075,2026-06-15 10:00:00,STU0013,23CS013,Diya Joshi,Computer Science & Engineering,3,5,CS303,STF005,3
SEL00076,2026-06-15 10:00:00,STU0013,23CS013,Diya Joshi,Computer Science & Engineering,3,5,CS304,STF005,4
SEL00077,2026-06-15 10:00:00,STU0013,23CS013,Diya Joshi,Computer Science & Engineering,3,5,CS305,STF006,5
SEL00078,2026-06-15 10:00:00,STU0013,23CS013,Diya Joshi,Computer Science & Engineering,3,5,CS306,STF010,6
SEL00079,2026-06-15 10:00:00,STU0014,23CS014,Ananya Mukherjee,Computer Science & Engineering,3,5,CS301,STF008,1
SEL00080,2026-06-15 10:00:00,STU0014,23CS014,Ananya Mukherjee,Computer Science & Engineering,3,5,CS302,STF011,2
SEL00081,2026-06-15 10:00:00,STU0014,23CS014,Ananya Mukherjee,Computer Science & Engineering,3,5,CS303,STF009,3
SEL00082,2026-06-15 10:00:00,STU0014,23CS014,Ananya Mukherjee,Computer Science & Engineering,3,5,CS304,STF009,4
SEL00083,2026-06-15 10:00:00,STU0014,23CS014,Ananya Mukherjee,Computer Science & Engineering,3,5,CS305,STF008,5
SEL00084,2026-06-15 10:00:00,STU0014,23CS014,Ananya Mukherjee,Computer Science & Engineering,3,5,CS306,STF011,6
SEL00085,2026-06-15 10:00:00,STU0015,23CS015,Aadhya Das,Computer Science & Engineering,3,5,CS301,STF012,1
SEL00086,2026-06-15 10:00:00,STU0015,23CS015,Aadhya Das,Computer Science & Engineering,3,5,CS302,STF002,2
SEL00087,2026-06-15 10:00:00,STU0015,23CS015,Aadhya Das,Computer Science & Engineering,3,5,CS303,STF014,3
SEL00088,2026-06-15 10:00:00,STU0015,23CS015,Aadhya Das,Computer Science & Engineering,3,5,CS304,STF013,4
SEL00089,2026-06-15 10:00:00,STU0015,23CS015,Aadhya Das,Computer Science & Engineering,3,5,CS305,STF012,5
SEL00090,2026-06-15 10:00:00,STU0015,23CS015,Aadhya Das,Computer Science & Engineering,3,5,CS306,STF007,6
SEL00091,2026-06-15 10:00:00,STU0016,23CS016,Pari Bose,Computer Science & Engineering,3,5,CS301,STF001,1
SEL00092,2026-06-15 10:00:00,STU0016,23CS016,Pari Bose,Computer Science & Engineering,3,5,CS302,STF006,2
SEL00093,2026-06-15 10:00:00,STU0016,23CS016,Pari Bose,Computer Science & Engineering,3,5,CS303,STF003,3
SEL00094,2026-06-15 10:00:00,STU0016,23CS016,Pari Bose,Computer Science & Engineering,3,5,CS304,STF003,4
SEL00095,2026-06-15 10:00:00,STU0016,23CS016,Pari Bose,Computer Science & Engineering,3,5,CS305,STF001,5
SEL00096,2026-06-15 10:00:00,STU0016,23CS016,Pari Bose,Computer Science & Engineering,3,5,CS306,STF010,6
SEL00097,2026-06-15 10:00:00,STU0017,23CS017,Saanvi Sharma,Computer Science & Engineering,3,5,CS301,STF004,1
SEL00098,2026-06-15 10:00:00,STU0017,23CS017,Saanvi Sharma,Computer Science & Engineering,3,5,CS302,STF011,2
SEL00099,2026-06-15 10:00:00,STU0017,23CS017,Saanvi Sharma,Computer Science & Engineering,3,5,CS303,STF005,3
SEL00100,2026-06-15 10:00:00,STU0017,23CS017,Saanvi Sharma,Computer Science & Engineering,3,5,CS304,STF005,4
SEL00101,2026-06-15 10:00:00,STU0017,23CS017,Saanvi Sharma,Computer Science & Engineering,3,5,CS305,STF006,5
SEL00102,2026-06-15 10:00:00,STU0017,23CS017,Saanvi Sharma,Computer Science & Engineering,3,5,CS306,STF011,6
SEL00103,2026-06-15 10:00:00,STU0018,23CS018,Myra Verma,Computer Science & Engineering,3,5,CS301,STF008,1
SEL00104,2026-06-15 10:00:00,STU0018,23CS018,Myra Verma,Computer Science & Engineering,3,5,CS302,STF002,2
SEL00105,2026-06-15 10:00:00,STU0018,23CS018,Myra Verma,Computer Science & Engineering,3,5,CS303,STF009,3
SEL00106,2026-06-15 10:00:00,STU0018,23CS018,Myra Verma,Computer Science & Engineering,3,5,CS304,STF009,4
SEL00107,2026-06-15 10:00:00,STU0018,23CS018,Myra Verma,Computer Science & Engineering,3,5,CS305,STF008,5
SEL00108,2026-06-15 10:00:00,STU0018,23CS018,Myra Verma,Computer Science & Engineering,3,5,CS306,STF007,6
SEL00109,2026-06-15 10:00:00,STU0019,23CS019,Ira Patel,Computer Science & Engineering,3,5,CS301,STF012,1
SEL00110,2026-06-15 10:00:00,STU0019,23CS019,Ira Patel,Computer Science & Engineering,3,5,CS302,STF006,2
SEL00111,2026-06-15 10:00:00,STU0019,23CS019,Ira Patel,Computer Science & Engineering,3,5,CS303,STF014,3
SEL00112,2026-06-15 10:00:00,STU0019,23CS019,Ira Patel,Computer Science & Engineering,3,5,CS304,STF013,4
SEL00113,2026-06-15 10:00:00,STU0019,23CS019,Ira Patel,Computer Science & Engineering,3,5,CS305,STF012,5
SEL00114,2026-06-15 10:00:00,STU0019,23CS019,Ira Patel,Computer Science & Engineering,3,5,CS306,STF010,6
SEL00115,2026-06-15 10:00:00,STU0020,23CS020,Avani Sundaram,Computer Science & Engineering,3,5,CS301,STF001,1
SEL00116,2026-06-15 10:00:00,STU0020,23CS020,Avani Sundaram,Computer Science & Engineering,3,5,CS302,STF011,2
SEL00117,2026-06-15 10:00:00,STU0020,23CS020,Avani Sundaram,Computer Science & Engineering,3,5,CS303,STF003,3
SEL00118,2026-06-15 10:00:00,STU0020,23CS020,Avani Sundaram,Computer Science & Engineering,3,5,CS304,STF003,4
SEL00119,2026-06-15 10:00:00,STU0020,23CS020,Avani Sundaram,Computer Science & Engineering,3,5,CS305,STF001,5
SEL00120,2026-06-15 10:00:00,STU0020,23CS020,Avani Sundaram,Computer Science & Engineering,3,5,CS306,STF011,6
SEL00121,2026-06-15 10:00:00,STU0021,23CS021,Riya Nair,Computer Science & Engineering,3,5,CS301,STF004,1
SEL00122,2026-06-15 10:00:00,STU0021,23CS021,Riya Nair,Computer Science & Engineering,3,5,CS302,STF002,2
SEL00123,2026-06-15 10:00:00,STU0021,23CS021,Riya Nair,Computer Science & Engineering,3,5,CS303,STF005,3
SEL00124,2026-06-15 10:00:00,STU0021,23CS021,Riya Nair,Computer Science & Engineering,3,5,CS304,STF005,4
SEL00125,2026-06-15 10:00:00,STU0021,23CS021,Riya Nair,Computer Science & Engineering,3,5,CS305,STF006,5
SEL00126,2026-06-15 10:00:00,STU0021,23CS021,Riya Nair,Computer Science & Engineering,3,5,CS306,STF007,6
SEL00127,2026-06-15 10:00:00,STU0022,23CS022,Kavya Menon,Computer Science & Engineering,3,5,CS301,STF008,1
SEL00128,2026-06-15 10:00:00,STU0022,23CS022,Kavya Menon,Computer Science & Engineering,3,5,CS302,STF006,2
SEL00129,2026-06-15 10:00:00,STU0022,23CS022,Kavya Menon,Computer Science & Engineering,3,5,CS303,STF009,3
SEL00130,2026-06-15 10:00:00,STU0022,23CS022,Kavya Menon,Computer Science & Engineering,3,5,CS304,STF009,4
SEL00131,2026-06-15 10:00:00,STU0022,23CS022,Kavya Menon,Computer Science & Engineering,3,5,CS305,STF008,5
SEL00132,2026-06-15 10:00:00,STU0022,23CS022,Kavya Menon,Computer Science & Engineering,3,5,CS306,STF010,6
SEL00133,2026-06-15 10:00:00,STU0023,23CS023,Meera Rao,Computer Science & Engineering,3,5,CS301,STF012,1
SEL00134,2026-06-15 10:00:00,STU0023,23CS023,Meera Rao,Computer Science & Engineering,3,5,CS302,STF011,2
SEL00135,2026-06-15 10:00:00,STU0023,23CS023,Meera Rao,Computer Science & Engineering,3,5,CS303,STF014,3
SEL00136,2026-06-15 10:00:00,STU0023,23CS023,Meera Rao,Computer Science & Engineering,3,5,CS304,STF013,4
SEL00137,2026-06-15 10:00:00,STU0023,23CS023,Meera Rao,Computer Science & Engineering,3,5,CS305,STF012,5
SEL00138,2026-06-15 10:00:00,STU0023,23CS023,Meera Rao,Computer Science & Engineering,3,5,CS306,STF011,6
SEL00139,2026-06-15 10:00:00,STU0024,23CS024,Sneha Reddy,Computer Science & Engineering,3,5,CS301,STF001,1
SEL00140,2026-06-15 10:00:00,STU0024,23CS024,Sneha Reddy,Computer Science & Engineering,3,5,CS302,STF002,2
SEL00141,2026-06-15 10:00:00,STU0024,23CS024,Sneha Reddy,Computer Science & Engineering,3,5,CS303,STF003,3
SEL00142,2026-06-15 10:00:00,STU0024,23CS024,Sneha Reddy,Computer Science & Engineering,3,5,CS304,STF003,4
SEL00143,2026-06-15 10:00:00,STU0024,23CS024,Sneha Reddy,Computer Science & Engineering,3,5,CS305,STF001,5
SEL00144,2026-06-15 10:00:00,STU0024,23CS024,Sneha Reddy,Computer Science & Engineering,3,5,CS306,STF007,6
SEL00145,2026-06-15 10:00:00,STU0025,23CS025,Aarav Gupta,Computer Science & Engineering,3,5,CS301,STF004,1
SEL00146,2026-06-15 10:00:00,STU0025,23CS025,Aarav Gupta,Computer Science & Engineering,3,5,CS302,STF006,2
SEL00147,2026-06-15 10:00:00,STU0025,23CS025,Aarav Gupta,Computer Science & Engineering,3,5,CS303,STF005,3
SEL00148,2026-06-15 10:00:00,STU0025,23CS025,Aarav Gupta,Computer Science & Engineering,3,5,CS304,STF005,4
SEL00149,2026-06-15 10:00:00,STU0025,23CS025,Aarav Gupta,Computer Science & Engineering,3,5,CS305,STF006,5
SEL00150,2026-06-15 10:00:00,STU0025,23CS025,Aarav Gupta,Computer Science & Engineering,3,5,CS306,STF010,6
SEL00151,2026-06-15 10:00:00,STU0026,23CS026,Vivaan Kumar,Computer Science & Engineering,3,5,CS301,STF008,1
SEL00152,2026-06-15 10:00:00,STU0026,23CS026,Vivaan Kumar,Computer Science & Engineering,3,5,CS302,STF011,2
SEL00153,2026-06-15 10:00:00,STU0026,23CS026,Vivaan Kumar,Computer Science & Engineering,3,5,CS303,STF009,3
SEL00154,2026-06-15 10:00:00,STU0026,23CS026,Vivaan Kumar,Computer Science & Engineering,3,5,CS304,STF009,4
SEL00155,2026-06-15 10:00:00,STU0026,23CS026,Vivaan Kumar,Computer Science & Engineering,3,5,CS305,STF008,5
SEL00156,2026-06-15 10:00:00,STU0026,23CS026,Vivaan Kumar,Computer Science & Engineering,3,5,CS306,STF011,6
SEL00157,2026-06-15 10:00:00,STU0027,23CS027,Aditya Singh,Computer Science & Engineering,3,5,CS301,STF012,1
SEL00158,2026-06-15 10:00:00,STU0027,23CS027,Aditya Singh,Computer Science & Engineering,3,5,CS302,STF002,2
SEL00159,2026-06-15 10:00:00,STU0027,23CS027,Aditya Singh,Computer Science & Engineering,3,5,CS303,STF014,3
SEL00160,2026-06-15 10:00:00,STU0027,23CS027,Aditya Singh,Computer Science & Engineering,3,5,CS304,STF013,4
SEL00161,2026-06-15 10:00:00,STU0027,23CS027,Aditya Singh,Computer Science & Engineering,3,5,CS305,STF012,5
SEL00162,2026-06-15 10:00:00,STU0027,23CS027,Aditya Singh,Computer Science & Engineering,3,5,CS306,STF007,6
SEL00163,2026-06-15 10:00:00,STU0028,23CS028,Vihaan Chopra,Computer Science & Engineering,3,5,CS301,STF001,1
SEL00164,2026-06-15 10:00:00,STU0028,23CS028,Vihaan Chopra,Computer Science & Engineering,3,5,CS302,STF006,2
SEL00165,2026-06-15 10:00:00,STU0028,23CS028,Vihaan Chopra,Computer Science & Engineering,3,5,CS303,STF003,3
SEL00166,2026-06-15 10:00:00,STU0028,23CS028,Vihaan Chopra,Computer Science & Engineering,3,5,CS304,STF003,4
SEL00167,2026-06-15 10:00:00,STU0028,23CS028,Vihaan Chopra,Computer Science & Engineering,3,5,CS305,STF001,5
SEL00168,2026-06-15 10:00:00,STU0028,23CS028,Vihaan Chopra,Computer Science & Engineering,3,5,CS306,STF010,6
SEL00169,2026-06-15 10:00:00,STU0029,23CS029,Arjun Joshi,Computer Science & Engineering,3,5,CS301,STF004,1
SEL00170,2026-06-15 10:00:00,STU0029,23CS029,Arjun Joshi,Computer Science & Engineering,3,5,CS302,STF011,2
SEL00171,2026-06-15 10:00:00,STU0029,23CS029,Arjun Joshi,Computer Science & Engineering,3,5,CS303,STF005,3
SEL00172,2026-06-15 10:00:00,STU0029,23CS029,Arjun Joshi,Computer Science & Engineering,3,5,CS304,STF005,4
SEL00173,2026-06-15 10:00:00,STU0029,23CS029,Arjun Joshi,Computer Science & Engineering,3,5,CS305,STF006,5
SEL00174,2026-06-15 10:00:00,STU0029,23CS029,Arjun Joshi,Computer Science & Engineering,3,5,CS306,STF011,6
SEL00175,2026-06-15 10:00:00,STU0030,23CS030,Sai Mukherjee,Computer Science & Engineering,3,5,CS301,STF008,1
SEL00176,2026-06-15 10:00:00,STU0030,23CS030,Sai Mukherjee,Computer Science & Engineering,3,5,CS302,STF002,2
SEL00177,2026-06-15 10:00:00,STU0030,23CS030,Sai Mukherjee,Computer Science & Engineering,3,5,CS303,STF009,3
SEL00178,2026-06-15 10:00:00,STU0030,23CS030,Sai Mukherjee,Computer Science & Engineering,3,5,CS304,STF009,4
SEL00179,2026-06-15 10:00:00,STU0030,23CS030,Sai Mukherjee,Computer Science & Engineering,3,5,CS305,STF008,5
SEL00180,2026-06-15 10:00:00,STU0030,23CS030,Sai Mukherjee,Computer Science & Engineering,3,5,CS306,STF007,6
SEL00181,2026-06-15 10:00:00,STU0031,23CS031,Reyansh Das,Computer Science & Engineering,3,5,CS301,STF012,1
SEL00182,2026-06-15 10:00:00,STU0031,23CS031,Reyansh Das,Computer Science & Engineering,3,5,CS302,STF006,2
SEL00183,2026-06-15 10:00:00,STU0031,23CS031,Reyansh Das,Computer Science & Engineering,3,5,CS303,STF014,3
SEL00184,2026-06-15 10:00:00,STU0031,23CS031,Reyansh Das,Computer Science & Engineering,3,5,CS304,STF013,4
SEL00185,2026-06-15 10:00:00,STU0031,23CS031,Reyansh Das,Computer Science & Engineering,3,5,CS305,STF012,5
SEL00186,2026-06-15 10:00:00,STU0031,23CS031,Reyansh Das,Computer Science & Engineering,3,5,CS306,STF010,6
SEL00187,2026-06-15 10:00:00,STU0032,23CS032,Ayaan Bose,Computer Science & Engineering,3,5,CS301,STF001,1
SEL00188,2026-06-15 10:00:00,STU0032,23CS032,Ayaan Bose,Computer Science & Engineering,3,5,CS302,STF011,2
SEL00189,2026-06-15 10:00:00,STU0032,23CS032,Ayaan Bose,Computer Science & Engineering,3,5,CS303,STF003,3
SEL00190,2026-06-15 10:00:00,STU0032,23CS032,Ayaan Bose,Computer Science & Engineering,3,5,CS304,STF003,4
SEL00191,2026-06-15 10:00:00,STU0032,23CS032,Ayaan Bose,Computer Science & Engineering,3,5,CS305,STF001,5
SEL00192,2026-06-15 10:00:00,STU0032,23CS032,Ayaan Bose,Computer Science & Engineering,3,5,CS306,STF011,6
SEL00193,2026-06-15 10:00:00,STU0033,23CS033,Krishna Sharma,Computer Science & Engineering,3,5,CS301,STF004,1
SEL00194,2026-06-15 10:00:00,STU0033,23CS033,Krishna Sharma,Computer Science & Engineering,3,5,CS302,STF002,2
SEL00195,2026-06-15 10:00:00,STU0033,23CS033,Krishna Sharma,Computer Science & Engineering,3,5,CS303,STF005,3
SEL00196,2026-06-15 10:00:00,STU0033,23CS033,Krishna Sharma,Computer Science & Engineering,3,5,CS304,STF005,4
SEL00197,2026-06-15 10:00:00,STU0033,23CS033,Krishna Sharma,Computer Science & Engineering,3,5,CS305,STF006,5
SEL00198,2026-06-15 10:00:00,STU0033,23CS033,Krishna Sharma,Computer Science & Engineering,3,5,CS306,STF007,6
SEL00199,2026-06-15 10:00:00,STU0034,23CS034,Ishaan Verma,Computer Science & Engineering,3,5,CS301,STF008,1
SEL00200,2026-06-15 10:00:00,STU0034,23CS034,Ishaan Verma,Computer Science & Engineering,3,5,CS302,STF006,2
SEL00201,2026-06-15 10:00:00,STU0034,23CS034,Ishaan Verma,Computer Science & Engineering,3,5,CS303,STF009,3
SEL00202,2026-06-15 10:00:00,STU0034,23CS034,Ishaan Verma,Computer Science & Engineering,3,5,CS304,STF009,4
SEL00203,2026-06-15 10:00:00,STU0034,23CS034,Ishaan Verma,Computer Science & Engineering,3,5,CS305,STF008,5
SEL00204,2026-06-15 10:00:00,STU0034,23CS034,Ishaan Verma,Computer Science & Engineering,3,5,CS306,STF010,6
SEL00205,2026-06-15 10:00:00,STU0035,23CS035,Shaurya Patel,Computer Science & Engineering,3,5,CS301,STF012,1
SEL00206,2026-06-15 10:00:00,STU0035,23CS035,Shaurya Patel,Computer Science & Engineering,3,5,CS302,STF011,2
SEL00207,2026-06-15 10:00:00,STU0035,23CS035,Shaurya Patel,Computer Science & Engineering,3,5,CS303,STF014,3
SEL00208,2026-06-15 10:00:00,STU0035,23CS035,Shaurya Patel,Computer Science & Engineering,3,5,CS304,STF013,4
SEL00209,2026-06-15 10:00:00,STU0035,23CS035,Shaurya Patel,Computer Science & Engineering,3,5,CS305,STF012,5
SEL00210,2026-06-15 10:00:00,STU0035,23CS035,Shaurya Patel,Computer Science & Engineering,3,5,CS306,STF011,6
SEL00211,2026-06-15 10:00:00,STU0036,23CS036,Atharva Sundaram,Computer Science & Engineering,3,5,CS301,STF001,1
SEL00212,2026-06-15 10:00:00,STU0036,23CS036,Atharva Sundaram,Computer Science & Engineering,3,5,CS302,STF002,2
SEL00213,2026-06-15 10:00:00,STU0036,23CS036,Atharva Sundaram,Computer Science & Engineering,3,5,CS303,STF003,3
SEL00214,2026-06-15 10:00:00,STU0036,23CS036,Atharva Sundaram,Computer Science & Engineering,3,5,CS304,STF003,4
SEL00215,2026-06-15 10:00:00,STU0036,23CS036,Atharva Sundaram,Computer Science & Engineering,3,5,CS305,STF001,5
SEL00216,2026-06-15 10:00:00,STU0036,23CS036,Atharva Sundaram,Computer Science & Engineering,3,5,CS306,STF007,6
SEL00217,2026-06-15 10:00:00,STU0037,23CS037,Diya Nair,Computer Science & Engineering,3,5,CS301,STF004,1
SEL00218,2026-06-15 10:00:00,STU0037,23CS037,Diya Nair,Computer Science & Engineering,3,5,CS302,STF006,2
SEL00219,2026-06-15 10:00:00,STU0037,23CS037,Diya Nair,Computer Science & Engineering,3,5,CS303,STF005,3
SEL00220,2026-06-15 10:00:00,STU0037,23CS037,Diya Nair,Computer Science & Engineering,3,5,CS304,STF005,4
SEL00221,2026-06-15 10:00:00,STU0037,23CS037,Diya Nair,Computer Science & Engineering,3,5,CS305,STF006,5
SEL00222,2026-06-15 10:00:00,STU0037,23CS037,Diya Nair,Computer Science & Engineering,3,5,CS306,STF010,6
SEL00223,2026-06-15 10:00:00,STU0038,23CS038,Ananya Menon,Computer Science & Engineering,3,5,CS301,STF008,1
SEL00224,2026-06-15 10:00:00,STU0038,23CS038,Ananya Menon,Computer Science & Engineering,3,5,CS302,STF011,2
SEL00225,2026-06-15 10:00:00,STU0038,23CS038,Ananya Menon,Computer Science & Engineering,3,5,CS303,STF009,3
SEL00226,2026-06-15 10:00:00,STU0038,23CS038,Ananya Menon,Computer Science & Engineering,3,5,CS304,STF009,4
SEL00227,2026-06-15 10:00:00,STU0038,23CS038,Ananya Menon,Computer Science & Engineering,3,5,CS305,STF008,5
SEL00228,2026-06-15 10:00:00,STU0038,23CS038,Ananya Menon,Computer Science & Engineering,3,5,CS306,STF011,6
SEL00229,2026-06-15 10:00:00,STU0039,23CS039,Aadhya Rao,Computer Science & Engineering,3,5,CS301,STF012,1
SEL00230,2026-06-15 10:00:00,STU0039,23CS039,Aadhya Rao,Computer Science & Engineering,3,5,CS302,STF002,2
SEL00231,2026-06-15 10:00:00,STU0039,23CS039,Aadhya Rao,Computer Science & Engineering,3,5,CS303,STF014,3
SEL00232,2026-06-15 10:00:00,STU0039,23CS039,Aadhya Rao,Computer Science & Engineering,3,5,CS304,STF013,4
SEL00233,2026-06-15 10:00:00,STU0039,23CS039,Aadhya Rao,Computer Science & Engineering,3,5,CS305,STF012,5
SEL00234,2026-06-15 10:00:00,STU0039,23CS039,Aadhya Rao,Computer Science & Engineering,3,5,CS306,STF007,6
SEL00235,2026-06-15 10:00:00,STU0040,23CS040,Pari Reddy,Computer Science & Engineering,3,5,CS301,STF001,1
SEL00236,2026-06-15 10:00:00,STU0040,23CS040,Pari Reddy,Computer Science & Engineering,3,5,CS302,STF006,2
SEL00237,2026-06-15 10:00:00,STU0040,23CS040,Pari Reddy,Computer Science & Engineering,3,5,CS303,STF003,3
SEL00238,2026-06-15 10:00:00,STU0040,23CS040,Pari Reddy,Computer Science & Engineering,3,5,CS304,STF003,4
SEL00239,2026-06-15 10:00:00,STU0040,23CS040,Pari Reddy,Computer Science & Engineering,3,5,CS305,STF001,5
SEL00240,2026-06-15 10:00:00,STU0040,23CS040,Pari Reddy,Computer Science & Engineering,3,5,CS306,STF010,6
SEL00241,2026-06-15 10:00:00,STU0041,23CS041,Saanvi Gupta,Computer Science & Engineering,3,5,CS301,STF004,1
SEL00242,2026-06-15 10:00:00,STU0041,23CS041,Saanvi Gupta,Computer Science & Engineering,3,5,CS302,STF011,2
SEL00243,2026-06-15 10:00:00,STU0041,23CS041,Saanvi Gupta,Computer Science & Engineering,3,5,CS303,STF005,3
SEL00244,2026-06-15 10:00:00,STU0041,23CS041,Saanvi Gupta,Computer Science & Engineering,3,5,CS304,STF005,4
SEL00245,2026-06-15 10:00:00,STU0041,23CS041,Saanvi Gupta,Computer Science & Engineering,3,5,CS305,STF006,5
SEL00246,2026-06-15 10:00:00,STU0041,23CS041,Saanvi Gupta,Computer Science & Engineering,3,5,CS306,STF011,6
SEL00247,2026-06-15 10:00:00,STU0042,23CS042,Myra Kumar,Computer Science & Engineering,3,5,CS301,STF008,1
SEL00248,2026-06-15 10:00:00,STU0042,23CS042,Myra Kumar,Computer Science & Engineering,3,5,CS302,STF002,2
SEL00249,2026-06-15 10:00:00,STU0042,23CS042,Myra Kumar,Computer Science & Engineering,3,5,CS303,STF009,3
SEL00250,2026-06-15 10:00:00,STU0042,23CS042,Myra Kumar,Computer Science & Engineering,3,5,CS304,STF009,4
SEL00251,2026-06-15 10:00:00,STU0042,23CS042,Myra Kumar,Computer Science & Engineering,3,5,CS305,STF008,5
SEL00252,2026-06-15 10:00:00,STU0042,23CS042,Myra Kumar,Computer Science & Engineering,3,5,CS306,STF007,6
SEL00253,2026-06-15 10:00:00,STU0043,23CS043,Ira Singh,Computer Science & Engineering,3,5,CS301,STF012,1
SEL00254,2026-06-15 10:00:00,STU0043,23CS043,Ira Singh,Computer Science & Engineering,3,5,CS302,STF006,2
SEL00255,2026-06-15 10:00:00,STU0043,23CS043,Ira Singh,Computer Science & Engineering,3,5,CS303,STF014,3
SEL00256,2026-06-15 10:00:00,STU0043,23CS043,Ira Singh,Computer Science & Engineering,3,5,CS304,STF013,4
SEL00257,2026-06-15 10:00:00,STU0043,23CS043,Ira Singh,Computer Science & Engineering,3,5,CS305,STF012,5
SEL00258,2026-06-15 10:00:00,STU0043,23CS043,Ira Singh,Computer Science & Engineering,3,5,CS306,STF010,6
SEL00259,2026-06-15 10:00:00,STU0044,23CS044,Avani Chopra,Computer Science & Engineering,3,5,CS301,STF001,1
SEL00260,2026-06-15 10:00:00,STU0044,23CS044,Avani Chopra,Computer Science & Engineering,3,5,CS302,STF011,2
SEL00261,2026-06-15 10:00:00,STU0044,23CS044,Avani Chopra,Computer Science & Engineering,3,5,CS303,STF003,3
SEL00262,2026-06-15 10:00:00,STU0044,23CS044,Avani Chopra,Computer Science & Engineering,3,5,CS304,STF003,4
SEL00263,2026-06-15 10:00:00,STU0044,23CS044,Avani Chopra,Computer Science & Engineering,3,5,CS305,STF001,5
SEL00264,2026-06-15 10:00:00,STU0044,23CS044,Avani Chopra,Computer Science & Engineering,3,5,CS306,STF011,6
SEL00265,2026-06-15 10:00:00,STU0045,23CS045,Riya Joshi,Computer Science & Engineering,3,5,CS301,STF004,1
SEL00266,2026-06-15 10:00:00,STU0045,23CS045,Riya Joshi,Computer Science & Engineering,3,5,CS302,STF002,2
SEL00267,2026-06-15 10:00:00,STU0045,23CS045,Riya Joshi,Computer Science & Engineering,3,5,CS303,STF005,3
SEL00268,2026-06-15 10:00:00,STU0045,23CS045,Riya Joshi,Computer Science & Engineering,3,5,CS304,STF005,4
SEL00269,2026-06-15 10:00:00,STU0045,23CS045,Riya Joshi,Computer Science & Engineering,3,5,CS305,STF006,5
SEL00270,2026-06-15 10:00:00,STU0045,23CS045,Riya Joshi,Computer Science & Engineering,3,5,CS306,STF007,6
SEL00271,2026-06-15 10:00:00,STU0046,23CS046,Kavya Mukherjee,Computer Science & Engineering,3,5,CS301,STF008,1
SEL00272,2026-06-15 10:00:00,STU0046,23CS046,Kavya Mukherjee,Computer Science & Engineering,3,5,CS302,STF006,2
SEL00273,2026-06-15 10:00:00,STU0046,23CS046,Kavya Mukherjee,Computer Science & Engineering,3,5,CS303,STF009,3
SEL00274,2026-06-15 10:00:00,STU0046,23CS046,Kavya Mukherjee,Computer Science & Engineering,3,5,CS304,STF009,4
SEL00275,2026-06-15 10:00:00,STU0046,23CS046,Kavya Mukherjee,Computer Science & Engineering,3,5,CS305,STF008,5
SEL00276,2026-06-15 10:00:00,STU0046,23CS046,Kavya Mukherjee,Computer Science & Engineering,3,5,CS306,STF010,6
SEL00277,2026-06-15 10:00:00,STU0047,23CS047,Meera Das,Computer Science & Engineering,3,5,CS301,STF012,1
SEL00278,2026-06-15 10:00:00,STU0047,23CS047,Meera Das,Computer Science & Engineering,3,5,CS302,STF011,2
SEL00279,2026-06-15 10:00:00,STU0047,23CS047,Meera Das,Computer Science & Engineering,3,5,CS303,STF014,3
SEL00280,2026-06-15 10:00:00,STU0047,23CS047,Meera Das,Computer Science & Engineering,3,5,CS304,STF013,4
SEL00281,2026-06-15 10:00:00,STU0047,23CS047,Meera Das,Computer Science & Engineering,3,5,CS305,STF012,5
SEL00282,2026-06-15 10:00:00,STU0047,23CS047,Meera Das,Computer Science & Engineering,3,5,CS306,STF011,6
SEL00283,2026-06-15 10:00:00,STU0048,23CS048,Sneha Bose,Computer Science & Engineering,3,5,CS301,STF001,1
SEL00284,2026-06-15 10:00:00,STU0048,23CS048,Sneha Bose,Computer Science & Engineering,3,5,CS302,STF002,2
SEL00285,2026-06-15 10:00:00,STU0048,23CS048,Sneha Bose,Computer Science & Engineering,3,5,CS303,STF003,3
SEL00286,2026-06-15 10:00:00,STU0048,23CS048,Sneha Bose,Computer Science & Engineering,3,5,CS304,STF003,4
SEL00287,2026-06-15 10:00:00,STU0048,23CS048,Sneha Bose,Computer Science & Engineering,3,5,CS305,STF001,5
SEL00288,2026-06-15 10:00:00,STU0048,23CS048,Sneha Bose,Computer Science & Engineering,3,5,CS306,STF007,6
SEL00289,2026-06-15 10:00:00,STU0049,23CS049,Aarav Sharma,Computer Science & Engineering,3,5,CS301,STF004,1
SEL00290,2026-06-15 10:00:00,STU0049,23CS049,Aarav Sharma,Computer Science & Engineering,3,5,CS302,STF006,2
SEL00291,2026-06-15 10:00:00,STU0049,23CS049,Aarav Sharma,Computer Science & Engineering,3,5,CS303,STF005,3
SEL00292,2026-06-15 10:00:00,STU0049,23CS049,Aarav Sharma,Computer Science & Engineering,3,5,CS304,STF005,4
SEL00293,2026-06-15 10:00:00,STU0049,23CS049,Aarav Sharma,Computer Science & Engineering,3,5,CS305,STF006,5
SEL00294,2026-06-15 10:00:00,STU0049,23CS049,Aarav Sharma,Computer Science & Engineering,3,5,CS306,STF010,6
SEL00295,2026-06-15 10:00:00,STU0050,23CS050,Vivaan Verma,Computer Science & Engineering,3,5,CS301,STF008,1
SEL00296,2026-06-15 10:00:00,STU0050,23CS050,Vivaan Verma,Computer Science & Engineering,3,5,CS302,STF011,2
SEL00297,2026-06-15 10:00:00,STU0050,23CS050,Vivaan Verma,Computer Science & Engineering,3,5,CS303,STF009,3
SEL00298,2026-06-15 10:00:00,STU0050,23CS050,Vivaan Verma,Computer Science & Engineering,3,5,CS304,STF009,4
SEL00299,2026-06-15 10:00:00,STU0050,23CS050,Vivaan Verma,Computer Science & Engineering,3,5,CS305,STF008,5
SEL00300,2026-06-15 10:00:00,STU0050,23CS050,Vivaan Verma,Computer Science & Engineering,3,5,CS306,STF011,6
SEL00301,2026-06-15 10:00:00,STU0051,23CS051,Aditya Patel,Computer Science & Engineering,3,5,CS301,STF012,1
SEL00302,2026-06-15 10:00:00,STU0051,23CS051,Aditya Patel,Computer Science & Engineering,3,5,CS302,STF002,2
SEL00303,2026-06-15 10:00:00,STU0051,23CS051,Aditya Patel,Computer Science & Engineering,3,5,CS303,STF014,3
SEL00304,2026-06-15 10:00:00,STU0051,23CS051,Aditya Patel,Computer Science & Engineering,3,5,CS304,STF013,4
SEL00305,2026-06-15 10:00:00,STU0051,23CS051,Aditya Patel,Computer Science & Engineering,3,5,CS305,STF012,5
SEL00306,2026-06-15 10:00:00,STU0051,23CS051,Aditya Patel,Computer Science & Engineering,3,5,CS306,STF007,6
SEL00307,2026-06-15 10:00:00,STU0052,23CS052,Vihaan Sundaram,Computer Science & Engineering,3,5,CS301,STF001,1
SEL00308,2026-06-15 10:00:00,STU0052,23CS052,Vihaan Sundaram,Computer Science & Engineering,3,5,CS302,STF006,2
SEL00309,2026-06-15 10:00:00,STU0052,23CS052,Vihaan Sundaram,Computer Science & Engineering,3,5,CS303,STF003,3
SEL00310,2026-06-15 10:00:00,STU0052,23CS052,Vihaan Sundaram,Computer Science & Engineering,3,5,CS304,STF003,4
SEL00311,2026-06-15 10:00:00,STU0052,23CS052,Vihaan Sundaram,Computer Science & Engineering,3,5,CS305,STF001,5
SEL00312,2026-06-15 10:00:00,STU0052,23CS052,Vihaan Sundaram,Computer Science & Engineering,3,5,CS306,STF010,6
SEL00313,2026-06-15 10:00:00,STU0053,23CS053,Arjun Nair,Computer Science & Engineering,3,5,CS301,STF004,1
SEL00314,2026-06-15 10:00:00,STU0053,23CS053,Arjun Nair,Computer Science & Engineering,3,5,CS302,STF011,2
SEL00315,2026-06-15 10:00:00,STU0053,23CS053,Arjun Nair,Computer Science & Engineering,3,5,CS303,STF005,3
SEL00316,2026-06-15 10:00:00,STU0053,23CS053,Arjun Nair,Computer Science & Engineering,3,5,CS304,STF005,4
SEL00317,2026-06-15 10:00:00,STU0053,23CS053,Arjun Nair,Computer Science & Engineering,3,5,CS305,STF006,5
SEL00318,2026-06-15 10:00:00,STU0053,23CS053,Arjun Nair,Computer Science & Engineering,3,5,CS306,STF011,6
SEL00319,2026-06-15 10:00:00,STU0054,23CS054,Sai Menon,Computer Science & Engineering,3,5,CS301,STF008,1
SEL00320,2026-06-15 10:00:00,STU0054,23CS054,Sai Menon,Computer Science & Engineering,3,5,CS302,STF002,2
SEL00321,2026-06-15 10:00:00,STU0054,23CS054,Sai Menon,Computer Science & Engineering,3,5,CS303,STF009,3
SEL00322,2026-06-15 10:00:00,STU0054,23CS054,Sai Menon,Computer Science & Engineering,3,5,CS304,STF009,4
SEL00323,2026-06-15 10:00:00,STU0054,23CS054,Sai Menon,Computer Science & Engineering,3,5,CS305,STF008,5
SEL00324,2026-06-15 10:00:00,STU0054,23CS054,Sai Menon,Computer Science & Engineering,3,5,CS306,STF007,6
SEL00325,2026-06-15 10:00:00,STU0055,23CS055,Reyansh Rao,Computer Science & Engineering,3,5,CS301,STF012,1
SEL00326,2026-06-15 10:00:00,STU0055,23CS055,Reyansh Rao,Computer Science & Engineering,3,5,CS302,STF006,2
SEL00327,2026-06-15 10:00:00,STU0055,23CS055,Reyansh Rao,Computer Science & Engineering,3,5,CS303,STF014,3
SEL00328,2026-06-15 10:00:00,STU0055,23CS055,Reyansh Rao,Computer Science & Engineering,3,5,CS304,STF013,4
SEL00329,2026-06-15 10:00:00,STU0055,23CS055,Reyansh Rao,Computer Science & Engineering,3,5,CS305,STF012,5
SEL00330,2026-06-15 10:00:00,STU0055,23CS055,Reyansh Rao,Computer Science & Engineering,3,5,CS306,STF010,6
SEL00331,2026-06-15 10:00:00,STU0056,23CS056,Ayaan Reddy,Computer Science & Engineering,3,5,CS301,STF001,1
SEL00332,2026-06-15 10:00:00,STU0056,23CS056,Ayaan Reddy,Computer Science & Engineering,3,5,CS302,STF011,2
SEL00333,2026-06-15 10:00:00,STU0056,23CS056,Ayaan Reddy,Computer Science & Engineering,3,5,CS303,STF003,3
SEL00334,2026-06-15 10:00:00,STU0056,23CS056,Ayaan Reddy,Computer Science & Engineering,3,5,CS304,STF003,4
SEL00335,2026-06-15 10:00:00,STU0056,23CS056,Ayaan Reddy,Computer Science & Engineering,3,5,CS305,STF001,5
SEL00336,2026-06-15 10:00:00,STU0056,23CS056,Ayaan Reddy,Computer Science & Engineering,3,5,CS306,STF011,6
SEL00337,2026-06-15 10:00:00,STU0057,23CS057,Krishna Gupta,Computer Science & Engineering,3,5,CS301,STF004,1
SEL00338,2026-06-15 10:00:00,STU0057,23CS057,Krishna Gupta,Computer Science & Engineering,3,5,CS302,STF002,2
SEL00339,2026-06-15 10:00:00,STU0057,23CS057,Krishna Gupta,Computer Science & Engineering,3,5,CS303,STF005,3
SEL00340,2026-06-15 10:00:00,STU0057,23CS057,Krishna Gupta,Computer Science & Engineering,3,5,CS304,STF005,4
SEL00341,2026-06-15 10:00:00,STU0057,23CS057,Krishna Gupta,Computer Science & Engineering,3,5,CS305,STF006,5
SEL00342,2026-06-15 10:00:00,STU0057,23CS057,Krishna Gupta,Computer Science & Engineering,3,5,CS306,STF007,6
SEL00343,2026-06-15 10:00:00,STU0058,23CS058,Ishaan Kumar,Computer Science & Engineering,3,5,CS301,STF008,1
SEL00344,2026-06-15 10:00:00,STU0058,23CS058,Ishaan Kumar,Computer Science & Engineering,3,5,CS302,STF006,2
SEL00345,2026-06-15 10:00:00,STU0058,23CS058,Ishaan Kumar,Computer Science & Engineering,3,5,CS303,STF009,3
SEL00346,2026-06-15 10:00:00,STU0058,23CS058,Ishaan Kumar,Computer Science & Engineering,3,5,CS304,STF009,4
SEL00347,2026-06-15 10:00:00,STU0058,23CS058,Ishaan Kumar,Computer Science & Engineering,3,5,CS305,STF008,5
SEL00348,2026-06-15 10:00:00,STU0058,23CS058,Ishaan Kumar,Computer Science & Engineering,3,5,CS306,STF010,6
SEL00349,2026-06-15 10:00:00,STU0059,23CS059,Shaurya Singh,Computer Science & Engineering,3,5,CS301,STF012,1
SEL00350,2026-06-15 10:00:00,STU0059,23CS059,Shaurya Singh,Computer Science & Engineering,3,5,CS302,STF011,2
SEL00351,2026-06-15 10:00:00,STU0059,23CS059,Shaurya Singh,Computer Science & Engineering,3,5,CS303,STF014,3
SEL00352,2026-06-15 10:00:00,STU0059,23CS059,Shaurya Singh,Computer Science & Engineering,3,5,CS304,STF013,4
SEL00353,2026-06-15 10:00:00,STU0059,23CS059,Shaurya Singh,Computer Science & Engineering,3,5,CS305,STF012,5
SEL00354,2026-06-15 10:00:00,STU0059,23CS059,Shaurya Singh,Computer Science & Engineering,3,5,CS306,STF011,6
SEL00355,2026-06-15 10:00:00,STU0060,23CS060,Atharva Chopra,Computer Science & Engineering,3,5,CS301,STF001,1
SEL00356,2026-06-15 10:00:00,STU0060,23CS060,Atharva Chopra,Computer Science & Engineering,3,5,CS302,STF002,2
SEL00357,2026-06-15 10:00:00,STU0060,23CS060,Atharva Chopra,Computer Science & Engineering,3,5,CS303,STF003,3
SEL00358,2026-06-15 10:00:00,STU0060,23CS060,Atharva Chopra,Computer Science & Engineering,3,5,CS304,STF003,4
SEL00359,2026-06-15 10:00:00,STU0060,23CS060,Atharva Chopra,Computer Science & Engineering,3,5,CS305,STF001,5
SEL00360,2026-06-15 10:00:00,STU0060,23CS060,Atharva Chopra,Computer Science & Engineering,3,5,CS306,STF007,6
SEL00361,2026-06-15 10:00:00,STU0061,23CS061,Diya Joshi,Computer Science & Engineering,3,5,CS301,STF004,1
SEL00362,2026-06-15 10:00:00,STU0061,23CS061,Diya Joshi,Computer Science & Engineering,3,5,CS302,STF006,2
SEL00363,2026-06-15 10:00:00,STU0061,23CS061,Diya Joshi,Computer Science & Engineering,3,5,CS303,STF005,3
SEL00364,2026-06-15 10:00:00,STU0061,23CS061,Diya Joshi,Computer Science & Engineering,3,5,CS304,STF005,4
SEL00365,2026-06-15 10:00:00,STU0061,23CS061,Diya Joshi,Computer Science & Engineering,3,5,CS305,STF006,5
SEL00366,2026-06-15 10:00:00,STU0061,23CS061,Diya Joshi,Computer Science & Engineering,3,5,CS306,STF010,6
SEL00367,2026-06-15 10:00:00,STU0062,23CS062,Ananya Mukherjee,Computer Science & Engineering,3,5,CS301,STF008,1
SEL00368,2026-06-15 10:00:00,STU0062,23CS062,Ananya Mukherjee,Computer Science & Engineering,3,5,CS302,STF011,2
SEL00369,2026-06-15 10:00:00,STU0062,23CS062,Ananya Mukherjee,Computer Science & Engineering,3,5,CS303,STF009,3
SEL00370,2026-06-15 10:00:00,STU0062,23CS062,Ananya Mukherjee,Computer Science & Engineering,3,5,CS304,STF009,4
SEL00371,2026-06-15 10:00:00,STU0062,23CS062,Ananya Mukherjee,Computer Science & Engineering,3,5,CS305,STF008,5
SEL00372,2026-06-15 10:00:00,STU0062,23CS062,Ananya Mukherjee,Computer Science & Engineering,3,5,CS306,STF011,6
SEL00373,2026-06-15 10:00:00,STU0063,23CS063,Aadhya Das,Computer Science & Engineering,3,5,CS301,STF012,1
SEL00374,2026-06-15 10:00:00,STU0063,23CS063,Aadhya Das,Computer Science & Engineering,3,5,CS302,STF002,2
SEL00375,2026-06-15 10:00:00,STU0063,23CS063,Aadhya Das,Computer Science & Engineering,3,5,CS303,STF014,3
SEL00376,2026-06-15 10:00:00,STU0063,23CS063,Aadhya Das,Computer Science & Engineering,3,5,CS304,STF013,4
SEL00377,2026-06-15 10:00:00,STU0063,23CS063,Aadhya Das,Computer Science & Engineering,3,5,CS305,STF012,5
SEL00378,2026-06-15 10:00:00,STU0063,23CS063,Aadhya Das,Computer Science & Engineering,3,5,CS306,STF007,6
SEL00379,2026-06-15 10:00:00,STU0064,23CS064,Pari Bose,Computer Science & Engineering,3,5,CS301,STF001,1
SEL00380,2026-06-15 10:00:00,STU0064,23CS064,Pari Bose,Computer Science & Engineering,3,5,CS302,STF006,2
SEL00381,2026-06-15 10:00:00,STU0064,23CS064,Pari Bose,Computer Science & Engineering,3,5,CS303,STF003,3
SEL00382,2026-06-15 10:00:00,STU0064,23CS064,Pari Bose,Computer Science & Engineering,3,5,CS304,STF003,4
SEL00383,2026-06-15 10:00:00,STU0064,23CS064,Pari Bose,Computer Science & Engineering,3,5,CS305,STF001,5
SEL00384,2026-06-15 10:00:00,STU0064,23CS064,Pari Bose,Computer Science & Engineering,3,5,CS306,STF010,6
SEL00385,2026-06-15 10:00:00,STU0065,23CS065,Saanvi Sharma,Computer Science & Engineering,3,5,CS301,STF004,1
SEL00386,2026-06-15 10:00:00,STU0065,23CS065,Saanvi Sharma,Computer Science & Engineering,3,5,CS302,STF011,2
SEL00387,2026-06-15 10:00:00,STU0065,23CS065,Saanvi Sharma,Computer Science & Engineering,3,5,CS303,STF005,3
SEL00388,2026-06-15 10:00:00,STU0065,23CS065,Saanvi Sharma,Computer Science & Engineering,3,5,CS304,STF005,4
SEL00389,2026-06-15 10:00:00,STU0065,23CS065,Saanvi Sharma,Computer Science & Engineering,3,5,CS305,STF006,5
SEL00390,2026-06-15 10:00:00,STU0065,23CS065,Saanvi Sharma,Computer Science & Engineering,3,5,CS306,STF011,6
SEL00391,2026-06-15 10:00:00,STU0066,23CS066,Myra Verma,Computer Science & Engineering,3,5,CS301,STF008,1
SEL00392,2026-06-15 10:00:00,STU0066,23CS066,Myra Verma,Computer Science & Engineering,3,5,CS302,STF002,2
SEL00393,2026-06-15 10:00:00,STU0066,23CS066,Myra Verma,Computer Science & Engineering,3,5,CS303,STF009,3
SEL00394,2026-06-15 10:00:00,STU0066,23CS066,Myra Verma,Computer Science & Engineering,3,5,CS304,STF009,4
SEL00395,2026-06-15 10:00:00,STU0066,23CS066,Myra Verma,Computer Science & Engineering,3,5,CS305,STF008,5
SEL00396,2026-06-15 10:00:00,STU0066,23CS066,Myra Verma,Computer Science & Engineering,3,5,CS306,STF007,6
SEL00397,2026-06-15 10:00:00,STU0067,23CS067,Ira Patel,Computer Science & Engineering,3,5,CS301,STF012,1
SEL00398,2026-06-15 10:00:00,STU0067,23CS067,Ira Patel,Computer Science & Engineering,3,5,CS302,STF006,2
SEL00399,2026-06-15 10:00:00,STU0067,23CS067,Ira Patel,Computer Science & Engineering,3,5,CS303,STF014,3
SEL00400,2026-06-15 10:00:00,STU0067,23CS067,Ira Patel,Computer Science & Engineering,3,5,CS304,STF013,4
SEL00401,2026-06-15 10:00:00,STU0067,23CS067,Ira Patel,Computer Science & Engineering,3,5,CS305,STF012,5
SEL00402,2026-06-15 10:00:00,STU0067,23CS067,Ira Patel,Computer Science & Engineering,3,5,CS306,STF010,6
SEL00403,2026-06-15 10:00:00,STU0068,23CS068,Avani Sundaram,Computer Science & Engineering,3,5,CS301,STF001,1
SEL00404,2026-06-15 10:00:00,STU0068,23CS068,Avani Sundaram,Computer Science & Engineering,3,5,CS302,STF011,2
SEL00405,2026-06-15 10:00:00,STU0068,23CS068,Avani Sundaram,Computer Science & Engineering,3,5,CS303,STF003,3
SEL00406,2026-06-15 10:00:00,STU0068,23CS068,Avani Sundaram,Computer Science & Engineering,3,5,CS304,STF003,4
SEL00407,2026-06-15 10:00:00,STU0068,23CS068,Avani Sundaram,Computer Science & Engineering,3,5,CS305,STF001,5
SEL00408,2026-06-15 10:00:00,STU0068,23CS068,Avani Sundaram,Computer Science & Engineering,3,5,CS306,STF011,6
SEL00409,2026-06-15 10:00:00,STU0069,23CS069,Riya Nair,Computer Science & Engineering,3,5,CS301,STF004,1
SEL00410,2026-06-15 10:00:00,STU0069,23CS069,Riya Nair,Computer Science & Engineering,3,5,CS302,STF002,2
SEL00411,2026-06-15 10:00:00,STU0069,23CS069,Riya Nair,Computer Science & Engineering,3,5,CS303,STF005,3
SEL00412,2026-06-15 10:00:00,STU0069,23CS069,Riya Nair,Computer Science & Engineering,3,5,CS304,STF005,4
SEL00413,2026-06-15 10:00:00,STU0069,23CS069,Riya Nair,Computer Science & Engineering,3,5,CS305,STF006,5
SEL00414,2026-06-15 10:00:00,STU0069,23CS069,Riya Nair,Computer Science & Engineering,3,5,CS306,STF007,6
SEL00415,2026-06-15 10:00:00,STU0070,23CS070,Kavya Menon,Computer Science & Engineering,3,5,CS301,STF008,1
SEL00416,2026-06-15 10:00:00,STU0070,23CS070,Kavya Menon,Computer Science & Engineering,3,5,CS302,STF006,2
SEL00417,2026-06-15 10:00:00,STU0070,23CS070,Kavya Menon,Computer Science & Engineering,3,5,CS303,STF009,3
SEL00418,2026-06-15 10:00:00,STU0070,23CS070,Kavya Menon,Computer Science & Engineering,3,5,CS304,STF009,4
SEL00419,2026-06-15 10:00:00,STU0070,23CS070,Kavya Menon,Computer Science & Engineering,3,5,CS305,STF008,5
SEL00420,2026-06-15 10:00:00,STU0070,23CS070,Kavya Menon,Computer Science & Engineering,3,5,CS306,STF010,6
SEL00421,2026-06-15 10:00:00,STU0071,23CS071,Meera Rao,Computer Science & Engineering,3,5,CS301,STF012,1
SEL00422,2026-06-15 10:00:00,STU0071,23CS071,Meera Rao,Computer Science & Engineering,3,5,CS302,STF011,2
SEL00423,2026-06-15 10:00:00,STU0071,23CS071,Meera Rao,Computer Science & Engineering,3,5,CS303,STF014,3
SEL00424,2026-06-15 10:00:00,STU0071,23CS071,Meera Rao,Computer Science & Engineering,3,5,CS304,STF013,4
SEL00425,2026-06-15 10:00:00,STU0071,23CS071,Meera Rao,Computer Science & Engineering,3,5,CS305,STF012,5
SEL00426,2026-06-15 10:00:00,STU0071,23CS071,Meera Rao,Computer Science & Engineering,3,5,CS306,STF011,6
SEL00427,2026-06-15 10:00:00,STU0072,23CS072,Sneha Reddy,Computer Science & Engineering,3,5,CS301,STF001,1
SEL00428,2026-06-15 10:00:00,STU0072,23CS072,Sneha Reddy,Computer Science & Engineering,3,5,CS302,STF002,2
SEL00429,2026-06-15 10:00:00,STU0072,23CS072,Sneha Reddy,Computer Science & Engineering,3,5,CS303,STF003,3
SEL00430,2026-06-15 10:00:00,STU0072,23CS072,Sneha Reddy,Computer Science & Engineering,3,5,CS304,STF003,4
SEL00431,2026-06-15 10:00:00,STU0072,23CS072,Sneha Reddy,Computer Science & Engineering,3,5,CS305,STF001,5
SEL00432,2026-06-15 10:00:00,STU0072,23CS072,Sneha Reddy,Computer Science & Engineering,3,5,CS306,STF007,6
SEL00433,2026-06-15 10:00:00,STU0073,23CS073,Aarav Gupta,Computer Science & Engineering,3,5,CS301,STF004,1
SEL00434,2026-06-15 10:00:00,STU0073,23CS073,Aarav Gupta,Computer Science & Engineering,3,5,CS302,STF006,2
SEL00435,2026-06-15 10:00:00,STU0073,23CS073,Aarav Gupta,Computer Science & Engineering,3,5,CS303,STF005,3
SEL00436,2026-06-15 10:00:00,STU0073,23CS073,Aarav Gupta,Computer Science & Engineering,3,5,CS304,STF005,4
SEL00437,2026-06-15 10:00:00,STU0073,23CS073,Aarav Gupta,Computer Science & Engineering,3,5,CS305,STF006,5
SEL00438,2026-06-15 10:00:00,STU0073,23CS073,Aarav Gupta,Computer Science & Engineering,3,5,CS306,STF010,6
SEL00439,2026-06-15 10:00:00,STU0074,23CS074,Vivaan Kumar,Computer Science & Engineering,3,5,CS301,STF008,1
SEL00440,2026-06-15 10:00:00,STU0074,23CS074,Vivaan Kumar,Computer Science & Engineering,3,5,CS302,STF011,2
SEL00441,2026-06-15 10:00:00,STU0074,23CS074,Vivaan Kumar,Computer Science & Engineering,3,5,CS303,STF009,3
SEL00442,2026-06-15 10:00:00,STU0074,23CS074,Vivaan Kumar,Computer Science & Engineering,3,5,CS304,STF009,4
SEL00443,2026-06-15 10:00:00,STU0074,23CS074,Vivaan Kumar,Computer Science & Engineering,3,5,CS305,STF008,5
SEL00444,2026-06-15 10:00:00,STU0074,23CS074,Vivaan Kumar,Computer Science & Engineering,3,5,CS306,STF011,6
SEL00445,2026-06-15 10:00:00,STU0075,23CS075,Aditya Singh,Computer Science & Engineering,3,5,CS301,STF012,1
SEL00446,2026-06-15 10:00:00,STU0075,23CS075,Aditya Singh,Computer Science & Engineering,3,5,CS302,STF002,2
SEL00447,2026-06-15 10:00:00,STU0075,23CS075,Aditya Singh,Computer Science & Engineering,3,5,CS303,STF014,3
SEL00448,2026-06-15 10:00:00,STU0075,23CS075,Aditya Singh,Computer Science & Engineering,3,5,CS304,STF013,4
SEL00449,2026-06-15 10:00:00,STU0075,23CS075,Aditya Singh,Computer Science & Engineering,3,5,CS305,STF012,5
SEL00450,2026-06-15 10:00:00,STU0075,23CS075,Aditya Singh,Computer Science & Engineering,3,5,CS306,STF007,6
SEL00451,2026-06-15 10:00:00,STU0076,23CS076,Vihaan Chopra,Computer Science & Engineering,3,5,CS301,STF001,1
SEL00452,2026-06-15 10:00:00,STU0076,23CS076,Vihaan Chopra,Computer Science & Engineering,3,5,CS302,STF006,2
SEL00453,2026-06-15 10:00:00,STU0076,23CS076,Vihaan Chopra,Computer Science & Engineering,3,5,CS303,STF003,3
SEL00454,2026-06-15 10:00:00,STU0076,23CS076,Vihaan Chopra,Computer Science & Engineering,3,5,CS304,STF003,4
SEL00455,2026-06-15 10:00:00,STU0076,23CS076,Vihaan Chopra,Computer Science & Engineering,3,5,CS305,STF001,5
SEL00456,2026-06-15 10:00:00,STU0076,23CS076,Vihaan Chopra,Computer Science & Engineering,3,5,CS306,STF010,6
SEL00457,2026-06-15 10:00:00,STU0077,23CS077,Arjun Joshi,Computer Science & Engineering,3,5,CS301,STF004,1
SEL00458,2026-06-15 10:00:00,STU0077,23CS077,Arjun Joshi,Computer Science & Engineering,3,5,CS302,STF011,2
SEL00459,2026-06-15 10:00:00,STU0077,23CS077,Arjun Joshi,Computer Science & Engineering,3,5,CS303,STF005,3
SEL00460,2026-06-15 10:00:00,STU0077,23CS077,Arjun Joshi,Computer Science & Engineering,3,5,CS304,STF005,4
SEL00461,2026-06-15 10:00:00,STU0077,23CS077,Arjun Joshi,Computer Science & Engineering,3,5,CS305,STF006,5
SEL00462,2026-06-15 10:00:00,STU0077,23CS077,Arjun Joshi,Computer Science & Engineering,3,5,CS306,STF011,6
SEL00463,2026-06-15 10:00:00,STU0078,23CS078,Sai Mukherjee,Computer Science & Engineering,3,5,CS301,STF008,1
SEL00464,2026-06-15 10:00:00,STU0078,23CS078,Sai Mukherjee,Computer Science & Engineering,3,5,CS302,STF002,2
SEL00465,2026-06-15 10:00:00,STU0078,23CS078,Sai Mukherjee,Computer Science & Engineering,3,5,CS303,STF009,3
SEL00466,2026-06-15 10:00:00,STU0078,23CS078,Sai Mukherjee,Computer Science & Engineering,3,5,CS304,STF009,4
SEL00467,2026-06-15 10:00:00,STU0078,23CS078,Sai Mukherjee,Computer Science & Engineering,3,5,CS305,STF008,5
SEL00468,2026-06-15 10:00:00,STU0078,23CS078,Sai Mukherjee,Computer Science & Engineering,3,5,CS306,STF007,6
SEL00469,2026-06-15 10:00:00,STU0079,23CS079,Reyansh Das,Computer Science & Engineering,3,5,CS301,STF012,1
SEL00470,2026-06-15 10:00:00,STU0079,23CS079,Reyansh Das,Computer Science & Engineering,3,5,CS302,STF006,2
SEL00471,2026-06-15 10:00:00,STU0079,23CS079,Reyansh Das,Computer Science & Engineering,3,5,CS303,STF014,3
SEL00472,2026-06-15 10:00:00,STU0079,23CS079,Reyansh Das,Computer Science & Engineering,3,5,CS304,STF013,4
SEL00473,2026-06-15 10:00:00,STU0079,23CS079,Reyansh Das,Computer Science & Engineering,3,5,CS305,STF012,5
SEL00474,2026-06-15 10:00:00,STU0079,23CS079,Reyansh Das,Computer Science & Engineering,3,5,CS306,STF010,6
SEL00475,2026-06-15 10:00:00,STU0080,23CS080,Ayaan Bose,Computer Science & Engineering,3,5,CS301,STF001,1
SEL00476,2026-06-15 10:00:00,STU0080,23CS080,Ayaan Bose,Computer Science & Engineering,3,5,CS302,STF011,2
SEL00477,2026-06-15 10:00:00,STU0080,23CS080,Ayaan Bose,Computer Science & Engineering,3,5,CS303,STF003,3
SEL00478,2026-06-15 10:00:00,STU0080,23CS080,Ayaan Bose,Computer Science & Engineering,3,5,CS304,STF003,4
SEL00479,2026-06-15 10:00:00,STU0080,23CS080,Ayaan Bose,Computer Science & Engineering,3,5,CS305,STF001,5
SEL00480,2026-06-15 10:00:00,STU0080,23CS080,Ayaan Bose,Computer Science & Engineering,3,5,CS306,STF011,6
SEL00481,2026-06-15 10:00:00,STU0081,23CS081,Krishna Sharma,Computer Science & Engineering,3,5,CS301,STF004,1
SEL00482,2026-06-15 10:00:00,STU0081,23CS081,Krishna Sharma,Computer Science & Engineering,3,5,CS302,STF002,2
SEL00483,2026-06-15 10:00:00,STU0081,23CS081,Krishna Sharma,Computer Science & Engineering,3,5,CS303,STF005,3
SEL00484,2026-06-15 10:00:00,STU0081,23CS081,Krishna Sharma,Computer Science & Engineering,3,5,CS304,STF005,4
SEL00485,2026-06-15 10:00:00,STU0081,23CS081,Krishna Sharma,Computer Science & Engineering,3,5,CS305,STF006,5
SEL00486,2026-06-15 10:00:00,STU0081,23CS081,Krishna Sharma,Computer Science & Engineering,3,5,CS306,STF007,6
SEL00487,2026-06-15 10:00:00,STU0082,23CS082,Ishaan Verma,Computer Science & Engineering,3,5,CS301,STF008,1
SEL00488,2026-06-15 10:00:00,STU0082,23CS082,Ishaan Verma,Computer Science & Engineering,3,5,CS302,STF006,2
SEL00489,2026-06-15 10:00:00,STU0082,23CS082,Ishaan Verma,Computer Science & Engineering,3,5,CS303,STF009,3
SEL00490,2026-06-15 10:00:00,STU0082,23CS082,Ishaan Verma,Computer Science & Engineering,3,5,CS304,STF009,4
SEL00491,2026-06-15 10:00:00,STU0082,23CS082,Ishaan Verma,Computer Science & Engineering,3,5,CS305,STF008,5
SEL00492,2026-06-15 10:00:00,STU0082,23CS082,Ishaan Verma,Computer Science & Engineering,3,5,CS306,STF010,6
SEL00493,2026-06-15 10:00:00,STU0083,23CS083,Shaurya Patel,Computer Science & Engineering,3,5,CS301,STF012,1
SEL00494,2026-06-15 10:00:00,STU0083,23CS083,Shaurya Patel,Computer Science & Engineering,3,5,CS302,STF011,2
SEL00495,2026-06-15 10:00:00,STU0083,23CS083,Shaurya Patel,Computer Science & Engineering,3,5,CS303,STF014,3
SEL00496,2026-06-15 10:00:00,STU0083,23CS083,Shaurya Patel,Computer Science & Engineering,3,5,CS304,STF013,4
SEL00497,2026-06-15 10:00:00,STU0083,23CS083,Shaurya Patel,Computer Science & Engineering,3,5,CS305,STF012,5
SEL00498,2026-06-15 10:00:00,STU0083,23CS083,Shaurya Patel,Computer Science & Engineering,3,5,CS306,STF011,6
SEL00499,2026-06-15 10:00:00,STU0084,23CS084,Atharva Sundaram,Computer Science & Engineering,3,5,CS301,STF001,1
SEL00500,2026-06-15 10:00:00,STU0084,23CS084,Atharva Sundaram,Computer Science & Engineering,3,5,CS302,STF002,2
SEL00501,2026-06-15 10:00:00,STU0084,23CS084,Atharva Sundaram,Computer Science & Engineering,3,5,CS303,STF003,3
SEL00502,2026-06-15 10:00:00,STU0084,23CS084,Atharva Sundaram,Computer Science & Engineering,3,5,CS304,STF003,4
SEL00503,2026-06-15 10:00:00,STU0084,23CS084,Atharva Sundaram,Computer Science & Engineering,3,5,CS305,STF001,5
SEL00504,2026-06-15 10:00:00,STU0084,23CS084,Atharva Sundaram,Computer Science & Engineering,3,5,CS306,STF007,6
SEL00505,2026-06-15 10:00:00,STU0085,23CS085,Diya Nair,Computer Science & Engineering,3,5,CS301,STF004,1
SEL00506,2026-06-15 10:00:00,STU0085,23CS085,Diya Nair,Computer Science & Engineering,3,5,CS302,STF006,2
SEL00507,2026-06-15 10:00:00,STU0085,23CS085,Diya Nair,Computer Science & Engineering,3,5,CS303,STF005,3
SEL00508,2026-06-15 10:00:00,STU0085,23CS085,Diya Nair,Computer Science & Engineering,3,5,CS304,STF005,4
SEL00509,2026-06-15 10:00:00,STU0085,23CS085,Diya Nair,Computer Science & Engineering,3,5,CS305,STF006,5
SEL00510,2026-06-15 10:00:00,STU0085,23CS085,Diya Nair,Computer Science & Engineering,3,5,CS306,STF010,6
SEL00511,2026-06-15 10:00:00,STU0086,23CS086,Ananya Menon,Computer Science & Engineering,3,5,CS301,STF008,1
SEL00512,2026-06-15 10:00:00,STU0086,23CS086,Ananya Menon,Computer Science & Engineering,3,5,CS302,STF011,2
SEL00513,2026-06-15 10:00:00,STU0086,23CS086,Ananya Menon,Computer Science & Engineering,3,5,CS303,STF009,3
SEL00514,2026-06-15 10:00:00,STU0086,23CS086,Ananya Menon,Computer Science & Engineering,3,5,CS304,STF009,4
SEL00515,2026-06-15 10:00:00,STU0086,23CS086,Ananya Menon,Computer Science & Engineering,3,5,CS305,STF008,5
SEL00516,2026-06-15 10:00:00,STU0086,23CS086,Ananya Menon,Computer Science & Engineering,3,5,CS306,STF011,6
SEL00517,2026-06-15 10:00:00,STU0087,23CS087,Aadhya Rao,Computer Science & Engineering,3,5,CS301,STF012,1
SEL00518,2026-06-15 10:00:00,STU0087,23CS087,Aadhya Rao,Computer Science & Engineering,3,5,CS302,STF002,2
SEL00519,2026-06-15 10:00:00,STU0087,23CS087,Aadhya Rao,Computer Science & Engineering,3,5,CS303,STF014,3
SEL00520,2026-06-15 10:00:00,STU0087,23CS087,Aadhya Rao,Computer Science & Engineering,3,5,CS304,STF013,4
SEL00521,2026-06-15 10:00:00,STU0087,23CS087,Aadhya Rao,Computer Science & Engineering,3,5,CS305,STF012,5
SEL00522,2026-06-15 10:00:00,STU0087,23CS087,Aadhya Rao,Computer Science & Engineering,3,5,CS306,STF007,6
SEL00523,2026-06-15 10:00:00,STU0088,23CS088,Pari Reddy,Computer Science & Engineering,3,5,CS301,STF001,1
SEL00524,2026-06-15 10:00:00,STU0088,23CS088,Pari Reddy,Computer Science & Engineering,3,5,CS302,STF006,2
SEL00525,2026-06-15 10:00:00,STU0088,23CS088,Pari Reddy,Computer Science & Engineering,3,5,CS303,STF003,3
SEL00526,2026-06-15 10:00:00,STU0088,23CS088,Pari Reddy,Computer Science & Engineering,3,5,CS304,STF003,4
SEL00527,2026-06-15 10:00:00,STU0088,23CS088,Pari Reddy,Computer Science & Engineering,3,5,CS305,STF001,5
SEL00528,2026-06-15 10:00:00,STU0088,23CS088,Pari Reddy,Computer Science & Engineering,3,5,CS306,STF010,6
SEL00529,2026-06-15 10:00:00,STU0089,23CS089,Saanvi Gupta,Computer Science & Engineering,3,5,CS301,STF004,1
SEL00530,2026-06-15 10:00:00,STU0089,23CS089,Saanvi Gupta,Computer Science & Engineering,3,5,CS302,STF011,2
SEL00531,2026-06-15 10:00:00,STU0089,23CS089,Saanvi Gupta,Computer Science & Engineering,3,5,CS303,STF005,3
SEL00532,2026-06-15 10:00:00,STU0089,23CS089,Saanvi Gupta,Computer Science & Engineering,3,5,CS304,STF005,4
SEL00533,2026-06-15 10:00:00,STU0089,23CS089,Saanvi Gupta,Computer Science & Engineering,3,5,CS305,STF006,5
SEL00534,2026-06-15 10:00:00,STU0089,23CS089,Saanvi Gupta,Computer Science & Engineering,3,5,CS306,STF011,6
SEL00535,2026-06-15 10:00:00,STU0090,23CS090,Myra Kumar,Computer Science & Engineering,3,5,CS301,STF008,1
SEL00536,2026-06-15 10:00:00,STU0090,23CS090,Myra Kumar,Computer Science & Engineering,3,5,CS302,STF002,2
SEL00537,2026-06-15 10:00:00,STU0090,23CS090,Myra Kumar,Computer Science & Engineering,3,5,CS303,STF009,3
SEL00538,2026-06-15 10:00:00,STU0090,23CS090,Myra Kumar,Computer Science & Engineering,3,5,CS304,STF009,4
SEL00539,2026-06-15 10:00:00,STU0090,23CS090,Myra Kumar,Computer Science & Engineering,3,5,CS305,STF008,5
SEL00540,2026-06-15 10:00:00,STU0090,23CS090,Myra Kumar,Computer Science & Engineering,3,5,CS306,STF007,6
SEL00541,2026-06-15 10:00:00,STU0091,23CS091,Ira Singh,Computer Science & Engineering,3,5,CS301,STF012,1
SEL00542,2026-06-15 10:00:00,STU0091,23CS091,Ira Singh,Computer Science & Engineering,3,5,CS302,STF006,2
SEL00543,2026-06-15 10:00:00,STU0091,23CS091,Ira Singh,Computer Science & Engineering,3,5,CS303,STF014,3
SEL00544,2026-06-15 10:00:00,STU0091,23CS091,Ira Singh,Computer Science & Engineering,3,5,CS304,STF013,4
SEL00545,2026-06-15 10:00:00,STU0091,23CS091,Ira Singh,Computer Science & Engineering,3,5,CS305,STF012,5
SEL00546,2026-06-15 10:00:00,STU0091,23CS091,Ira Singh,Computer Science & Engineering,3,5,CS306,STF010,6
SEL00547,2026-06-15 10:00:00,STU0092,23CS092,Avani Chopra,Computer Science & Engineering,3,5,CS301,STF001,1
SEL00548,2026-06-15 10:00:00,STU0092,23CS092,Avani Chopra,Computer Science & Engineering,3,5,CS302,STF011,2
SEL00549,2026-06-15 10:00:00,STU0092,23CS092,Avani Chopra,Computer Science & Engineering,3,5,CS303,STF003,3
SEL00550,2026-06-15 10:00:00,STU0092,23CS092,Avani Chopra,Computer Science & Engineering,3,5,CS304,STF003,4
SEL00551,2026-06-15 10:00:00,STU0092,23CS092,Avani Chopra,Computer Science & Engineering,3,5,CS305,STF001,5
SEL00552,2026-06-15 10:00:00,STU0092,23CS092,Avani Chopra,Computer Science & Engineering,3,5,CS306,STF011,6
SEL00553,2026-06-15 10:00:00,STU0093,23CS093,Riya Joshi,Computer Science & Engineering,3,5,CS301,STF004,1
SEL00554,2026-06-15 10:00:00,STU0093,23CS093,Riya Joshi,Computer Science & Engineering,3,5,CS302,STF002,2
SEL00555,2026-06-15 10:00:00,STU0093,23CS093,Riya Joshi,Computer Science & Engineering,3,5,CS303,STF005,3
SEL00556,2026-06-15 10:00:00,STU0093,23CS093,Riya Joshi,Computer Science & Engineering,3,5,CS304,STF005,4
SEL00557,2026-06-15 10:00:00,STU0093,23CS093,Riya Joshi,Computer Science & Engineering,3,5,CS305,STF006,5
SEL00558,2026-06-15 10:00:00,STU0093,23CS093,Riya Joshi,Computer Science & Engineering,3,5,CS306,STF007,6
SEL00559,2026-06-15 10:00:00,STU0094,23CS094,Kavya Mukherjee,Computer Science & Engineering,3,5,CS301,STF008,1
SEL00560,2026-06-15 10:00:00,STU0094,23CS094,Kavya Mukherjee,Computer Science & Engineering,3,5,CS302,STF006,2
SEL00561,2026-06-15 10:00:00,STU0094,23CS094,Kavya Mukherjee,Computer Science & Engineering,3,5,CS303,STF009,3
SEL00562,2026-06-15 10:00:00,STU0094,23CS094,Kavya Mukherjee,Computer Science & Engineering,3,5,CS304,STF009,4
SEL00563,2026-06-15 10:00:00,STU0094,23CS094,Kavya Mukherjee,Computer Science & Engineering,3,5,CS305,STF008,5
SEL00564,2026-06-15 10:00:00,STU0094,23CS094,Kavya Mukherjee,Computer Science & Engineering,3,5,CS306,STF010,6
SEL00565,2026-06-15 10:00:00,STU0095,23CS095,Meera Das,Computer Science & Engineering,3,5,CS301,STF012,1
SEL00566,2026-06-15 10:00:00,STU0095,23CS095,Meera Das,Computer Science & Engineering,3,5,CS302,STF011,2
SEL00567,2026-06-15 10:00:00,STU0095,23CS095,Meera Das,Computer Science & Engineering,3,5,CS303,STF014,3
SEL00568,2026-06-15 10:00:00,STU0095,23CS095,Meera Das,Computer Science & Engineering,3,5,CS304,STF013,4
SEL00569,2026-06-15 10:00:00,STU0095,23CS095,Meera Das,Computer Science & Engineering,3,5,CS305,STF012,5
SEL00570,2026-06-15 10:00:00,STU0095,23CS095,Meera Das,Computer Science & Engineering,3,5,CS306,STF011,6
SEL00571,2026-06-15 10:00:00,STU0096,23CS096,Sneha Bose,Computer Science & Engineering,3,5,CS301,STF001,1
SEL00572,2026-06-15 10:00:00,STU0096,23CS096,Sneha Bose,Computer Science & Engineering,3,5,CS302,STF002,2
SEL00573,2026-06-15 10:00:00,STU0096,23CS096,Sneha Bose,Computer Science & Engineering,3,5,CS303,STF003,3
SEL00574,2026-06-15 10:00:00,STU0096,23CS096,Sneha Bose,Computer Science & Engineering,3,5,CS304,STF003,4
SEL00575,2026-06-15 10:00:00,STU0096,23CS096,Sneha Bose,Computer Science & Engineering,3,5,CS305,STF001,5
SEL00576,2026-06-15 10:00:00,STU0096,23CS096,Sneha Bose,Computer Science & Engineering,3,5,CS306,STF007,6
SEL00577,2026-06-15 10:00:00,STU0097,23CS097,Aarav Sharma,Computer Science & Engineering,3,5,CS301,STF004,1
SEL00578,2026-06-15 10:00:00,STU0097,23CS097,Aarav Sharma,Computer Science & Engineering,3,5,CS302,STF006,2
SEL00579,2026-06-15 10:00:00,STU0097,23CS097,Aarav Sharma,Computer Science & Engineering,3,5,CS303,STF005,3
SEL00580,2026-06-15 10:00:00,STU0097,23CS097,Aarav Sharma,Computer Science & Engineering,3,5,CS304,STF005,4
SEL00581,2026-06-15 10:00:00,STU0097,23CS097,Aarav Sharma,Computer Science & Engineering,3,5,CS305,STF006,5
SEL00582,2026-06-15 10:00:00,STU0097,23CS097,Aarav Sharma,Computer Science & Engineering,3,5,CS306,STF010,6
SEL00583,2026-06-15 10:00:00,STU0098,23CS098,Vivaan Verma,Computer Science & Engineering,3,5,CS301,STF008,1
SEL00584,2026-06-15 10:00:00,STU0098,23CS098,Vivaan Verma,Computer Science & Engineering,3,5,CS302,STF011,2
SEL00585,2026-06-15 10:00:00,STU0098,23CS098,Vivaan Verma,Computer Science & Engineering,3,5,CS303,STF009,3
SEL00586,2026-06-15 10:00:00,STU0098,23CS098,Vivaan Verma,Computer Science & Engineering,3,5,CS304,STF009,4
SEL00587,2026-06-15 10:00:00,STU0098,23CS098,Vivaan Verma,Computer Science & Engineering,3,5,CS305,STF008,5
SEL00588,2026-06-15 10:00:00,STU0098,23CS098,Vivaan Verma,Computer Science & Engineering,3,5,CS306,STF011,6
SEL00589,2026-06-15 10:00:00,STU0099,23CS099,Aditya Patel,Computer Science & Engineering,3,5,CS301,STF012,1
SEL00590,2026-06-15 10:00:00,STU0099,23CS099,Aditya Patel,Computer Science & Engineering,3,5,CS302,STF002,2
SEL00591,2026-06-15 10:00:00,STU0099,23CS099,Aditya Patel,Computer Science & Engineering,3,5,CS303,STF014,3
SEL00592,2026-06-15 10:00:00,STU0099,23CS099,Aditya Patel,Computer Science & Engineering,3,5,CS304,STF013,4
SEL00593,2026-06-15 10:00:00,STU0099,23CS099,Aditya Patel,Computer Science & Engineering,3,5,CS305,STF012,5
SEL00594,2026-06-15 10:00:00,STU0099,23CS099,Aditya Patel,Computer Science & Engineering,3,5,CS306,STF007,6
SEL00595,2026-06-15 10:00:00,STU0100,23CS100,Vihaan Sundaram,Computer Science & Engineering,3,5,CS301,STF001,1
SEL00596,2026-06-15 10:00:00,STU0100,23CS100,Vihaan Sundaram,Computer Science & Engineering,3,5,CS302,STF006,2
SEL00597,2026-06-15 10:00:00,STU0100,23CS100,Vihaan Sundaram,Computer Science & Engineering,3,5,CS303,STF003,3
SEL00598,2026-06-15 10:00:00,STU0100,23CS100,Vihaan Sundaram,Computer Science & Engineering,3,5,CS304,STF003,4
SEL00599,2026-06-15 10:00:00,STU0100,23CS100,Vihaan Sundaram,Computer Science & Engineering,3,5,CS305,STF001,5
SEL00600,2026-06-15 10:00:00,STU0100,23CS100,Vihaan Sundaram,Computer Science & Engineering,3,5,CS306,STF010,6
SEL00601,2026-06-15 10:00:00,STU0101,23CS101,Arjun Nair,Computer Science & Engineering,3,5,CS301,STF004,1
SEL00602,2026-06-15 10:00:00,STU0101,23CS101,Arjun Nair,Computer Science & Engineering,3,5,CS302,STF011,2
SEL00603,2026-06-15 10:00:00,STU0101,23CS101,Arjun Nair,Computer Science & Engineering,3,5,CS303,STF005,3
SEL00604,2026-06-15 10:00:00,STU0101,23CS101,Arjun Nair,Computer Science & Engineering,3,5,CS304,STF005,4
SEL00605,2026-06-15 10:00:00,STU0101,23CS101,Arjun Nair,Computer Science & Engineering,3,5,CS305,STF006,5
SEL00606,2026-06-15 10:00:00,STU0101,23CS101,Arjun Nair,Computer Science & Engineering,3,5,CS306,STF011,6
SEL00607,2026-06-15 10:00:00,STU0102,23CS102,Sai Menon,Computer Science & Engineering,3,5,CS301,STF008,1
SEL00608,2026-06-15 10:00:00,STU0102,23CS102,Sai Menon,Computer Science & Engineering,3,5,CS302,STF002,2
SEL00609,2026-06-15 10:00:00,STU0102,23CS102,Sai Menon,Computer Science & Engineering,3,5,CS303,STF009,3
SEL00610,2026-06-15 10:00:00,STU0102,23CS102,Sai Menon,Computer Science & Engineering,3,5,CS304,STF009,4
SEL00611,2026-06-15 10:00:00,STU0102,23CS102,Sai Menon,Computer Science & Engineering,3,5,CS305,STF008,5
SEL00612,2026-06-15 10:00:00,STU0102,23CS102,Sai Menon,Computer Science & Engineering,3,5,CS306,STF007,6
SEL00613,2026-06-15 10:00:00,STU0103,23CS103,Reyansh Rao,Computer Science & Engineering,3,5,CS301,STF012,1
SEL00614,2026-06-15 10:00:00,STU0103,23CS103,Reyansh Rao,Computer Science & Engineering,3,5,CS302,STF006,2
SEL00615,2026-06-15 10:00:00,STU0103,23CS103,Reyansh Rao,Computer Science & Engineering,3,5,CS303,STF014,3
SEL00616,2026-06-15 10:00:00,STU0103,23CS103,Reyansh Rao,Computer Science & Engineering,3,5,CS304,STF013,4
SEL00617,2026-06-15 10:00:00,STU0103,23CS103,Reyansh Rao,Computer Science & Engineering,3,5,CS305,STF012,5
SEL00618,2026-06-15 10:00:00,STU0103,23CS103,Reyansh Rao,Computer Science & Engineering,3,5,CS306,STF010,6
SEL00619,2026-06-15 10:00:00,STU0104,23CS104,Ayaan Reddy,Computer Science & Engineering,3,5,CS301,STF001,1
SEL00620,2026-06-15 10:00:00,STU0104,23CS104,Ayaan Reddy,Computer Science & Engineering,3,5,CS302,STF011,2
SEL00621,2026-06-15 10:00:00,STU0104,23CS104,Ayaan Reddy,Computer Science & Engineering,3,5,CS303,STF003,3
SEL00622,2026-06-15 10:00:00,STU0104,23CS104,Ayaan Reddy,Computer Science & Engineering,3,5,CS304,STF003,4
SEL00623,2026-06-15 10:00:00,STU0104,23CS104,Ayaan Reddy,Computer Science & Engineering,3,5,CS305,STF001,5
SEL00624,2026-06-15 10:00:00,STU0104,23CS104,Ayaan Reddy,Computer Science & Engineering,3,5,CS306,STF011,6
SEL00625,2026-06-15 10:00:00,STU0105,23CS105,Krishna Gupta,Computer Science & Engineering,3,5,CS301,STF004,1
SEL00626,2026-06-15 10:00:00,STU0105,23CS105,Krishna Gupta,Computer Science & Engineering,3,5,CS302,STF002,2
SEL00627,2026-06-15 10:00:00,STU0105,23CS105,Krishna Gupta,Computer Science & Engineering,3,5,CS303,STF005,3
SEL00628,2026-06-15 10:00:00,STU0105,23CS105,Krishna Gupta,Computer Science & Engineering,3,5,CS304,STF005,4
SEL00629,2026-06-15 10:00:00,STU0105,23CS105,Krishna Gupta,Computer Science & Engineering,3,5,CS305,STF006,5
SEL00630,2026-06-15 10:00:00,STU0105,23CS105,Krishna Gupta,Computer Science & Engineering,3,5,CS306,STF007,6
SEL00631,2026-06-15 10:00:00,STU0106,23CS106,Ishaan Kumar,Computer Science & Engineering,3,5,CS301,STF008,1
SEL00632,2026-06-15 10:00:00,STU0106,23CS106,Ishaan Kumar,Computer Science & Engineering,3,5,CS302,STF006,2
SEL00633,2026-06-15 10:00:00,STU0106,23CS106,Ishaan Kumar,Computer Science & Engineering,3,5,CS303,STF009,3
SEL00634,2026-06-15 10:00:00,STU0106,23CS106,Ishaan Kumar,Computer Science & Engineering,3,5,CS304,STF009,4
SEL00635,2026-06-15 10:00:00,STU0106,23CS106,Ishaan Kumar,Computer Science & Engineering,3,5,CS305,STF008,5
SEL00636,2026-06-15 10:00:00,STU0106,23CS106,Ishaan Kumar,Computer Science & Engineering,3,5,CS306,STF010,6
SEL00637,2026-06-15 10:00:00,STU0107,23CS107,Shaurya Singh,Computer Science & Engineering,3,5,CS301,STF012,1
SEL00638,2026-06-15 10:00:00,STU0107,23CS107,Shaurya Singh,Computer Science & Engineering,3,5,CS302,STF011,2
SEL00639,2026-06-15 10:00:00,STU0107,23CS107,Shaurya Singh,Computer Science & Engineering,3,5,CS303,STF014,3
SEL00640,2026-06-15 10:00:00,STU0107,23CS107,Shaurya Singh,Computer Science & Engineering,3,5,CS304,STF013,4
SEL00641,2026-06-15 10:00:00,STU0107,23CS107,Shaurya Singh,Computer Science & Engineering,3,5,CS305,STF012,5
SEL00642,2026-06-15 10:00:00,STU0107,23CS107,Shaurya Singh,Computer Science & Engineering,3,5,CS306,STF011,6
SEL00643,2026-06-15 10:00:00,STU0108,23CS108,Atharva Chopra,Computer Science & Engineering,3,5,CS301,STF001,1
SEL00644,2026-06-15 10:00:00,STU0108,23CS108,Atharva Chopra,Computer Science & Engineering,3,5,CS302,STF002,2
SEL00645,2026-06-15 10:00:00,STU0108,23CS108,Atharva Chopra,Computer Science & Engineering,3,5,CS303,STF003,3
SEL00646,2026-06-15 10:00:00,STU0108,23CS108,Atharva Chopra,Computer Science & Engineering,3,5,CS304,STF003,4
SEL00647,2026-06-15 10:00:00,STU0108,23CS108,Atharva Chopra,Computer Science & Engineering,3,5,CS305,STF001,5
SEL00648,2026-06-15 10:00:00,STU0108,23CS108,Atharva Chopra,Computer Science & Engineering,3,5,CS306,STF007,6
SEL00649,2026-06-15 10:00:00,STU0109,23CS109,Diya Joshi,Computer Science & Engineering,3,5,CS301,STF004,1
SEL00650,2026-06-15 10:00:00,STU0109,23CS109,Diya Joshi,Computer Science & Engineering,3,5,CS302,STF006,2
SEL00651,2026-06-15 10:00:00,STU0109,23CS109,Diya Joshi,Computer Science & Engineering,3,5,CS303,STF005,3
SEL00652,2026-06-15 10:00:00,STU0109,23CS109,Diya Joshi,Computer Science & Engineering,3,5,CS304,STF005,4
SEL00653,2026-06-15 10:00:00,STU0109,23CS109,Diya Joshi,Computer Science & Engineering,3,5,CS305,STF006,5
SEL00654,2026-06-15 10:00:00,STU0109,23CS109,Diya Joshi,Computer Science & Engineering,3,5,CS306,STF010,6
SEL00655,2026-06-15 10:00:00,STU0110,23CS110,Ananya Mukherjee,Computer Science & Engineering,3,5,CS301,STF008,1
SEL00656,2026-06-15 10:00:00,STU0110,23CS110,Ananya Mukherjee,Computer Science & Engineering,3,5,CS302,STF011,2
SEL00657,2026-06-15 10:00:00,STU0110,23CS110,Ananya Mukherjee,Computer Science & Engineering,3,5,CS303,STF009,3
SEL00658,2026-06-15 10:00:00,STU0110,23CS110,Ananya Mukherjee,Computer Science & Engineering,3,5,CS304,STF009,4
SEL00659,2026-06-15 10:00:00,STU0110,23CS110,Ananya Mukherjee,Computer Science & Engineering,3,5,CS305,STF008,5
SEL00660,2026-06-15 10:00:00,STU0110,23CS110,Ananya Mukherjee,Computer Science & Engineering,3,5,CS306,STF011,6
SEL00661,2026-06-15 10:00:00,STU0111,23CS111,Aadhya Das,Computer Science & Engineering,3,5,CS301,STF012,1
SEL00662,2026-06-15 10:00:00,STU0111,23CS111,Aadhya Das,Computer Science & Engineering,3,5,CS302,STF002,2
SEL00663,2026-06-15 10:00:00,STU0111,23CS111,Aadhya Das,Computer Science & Engineering,3,5,CS303,STF014,3
SEL00664,2026-06-15 10:00:00,STU0111,23CS111,Aadhya Das,Computer Science & Engineering,3,5,CS304,STF013,4
SEL00665,2026-06-15 10:00:00,STU0111,23CS111,Aadhya Das,Computer Science & Engineering,3,5,CS305,STF012,5
SEL00666,2026-06-15 10:00:00,STU0111,23CS111,Aadhya Das,Computer Science & Engineering,3,5,CS306,STF007,6
SEL00667,2026-06-15 10:00:00,STU0112,23CS112,Pari Bose,Computer Science & Engineering,3,5,CS301,STF001,1
SEL00668,2026-06-15 10:00:00,STU0112,23CS112,Pari Bose,Computer Science & Engineering,3,5,CS302,STF006,2
SEL00669,2026-06-15 10:00:00,STU0112,23CS112,Pari Bose,Computer Science & Engineering,3,5,CS303,STF003,3
SEL00670,2026-06-15 10:00:00,STU0112,23CS112,Pari Bose,Computer Science & Engineering,3,5,CS304,STF003,4
SEL00671,2026-06-15 10:00:00,STU0112,23CS112,Pari Bose,Computer Science & Engineering,3,5,CS305,STF001,5
SEL00672,2026-06-15 10:00:00,STU0112,23CS112,Pari Bose,Computer Science & Engineering,3,5,CS306,STF010,6
SEL00673,2026-06-15 10:00:00,STU0113,23CS113,Saanvi Sharma,Computer Science & Engineering,3,5,CS301,STF004,1
SEL00674,2026-06-15 10:00:00,STU0113,23CS113,Saanvi Sharma,Computer Science & Engineering,3,5,CS302,STF011,2
SEL00675,2026-06-15 10:00:00,STU0113,23CS113,Saanvi Sharma,Computer Science & Engineering,3,5,CS303,STF005,3
SEL00676,2026-06-15 10:00:00,STU0113,23CS113,Saanvi Sharma,Computer Science & Engineering,3,5,CS304,STF005,4
SEL00677,2026-06-15 10:00:00,STU0113,23CS113,Saanvi Sharma,Computer Science & Engineering,3,5,CS305,STF006,5
SEL00678,2026-06-15 10:00:00,STU0113,23CS113,Saanvi Sharma,Computer Science & Engineering,3,5,CS306,STF011,6
SEL00679,2026-06-15 10:00:00,STU0114,23CS114,Myra Verma,Computer Science & Engineering,3,5,CS301,STF008,1
SEL00680,2026-06-15 10:00:00,STU0114,23CS114,Myra Verma,Computer Science & Engineering,3,5,CS302,STF002,2
SEL00681,2026-06-15 10:00:00,STU0114,23CS114,Myra Verma,Computer Science & Engineering,3,5,CS303,STF009,3
SEL00682,2026-06-15 10:00:00,STU0114,23CS114,Myra Verma,Computer Science & Engineering,3,5,CS304,STF009,4
SEL00683,2026-06-15 10:00:00,STU0114,23CS114,Myra Verma,Computer Science & Engineering,3,5,CS305,STF008,5
SEL00684,2026-06-15 10:00:00,STU0114,23CS114,Myra Verma,Computer Science & Engineering,3,5,CS306,STF007,6
SEL00685,2026-06-15 10:00:00,STU0115,23CS115,Ira Patel,Computer Science & Engineering,3,5,CS301,STF012,1
SEL00686,2026-06-15 10:00:00,STU0115,23CS115,Ira Patel,Computer Science & Engineering,3,5,CS302,STF006,2
SEL00687,2026-06-15 10:00:00,STU0115,23CS115,Ira Patel,Computer Science & Engineering,3,5,CS303,STF014,3
SEL00688,2026-06-15 10:00:00,STU0115,23CS115,Ira Patel,Computer Science & Engineering,3,5,CS304,STF013,4
SEL00689,2026-06-15 10:00:00,STU0115,23CS115,Ira Patel,Computer Science & Engineering,3,5,CS305,STF012,5
SEL00690,2026-06-15 10:00:00,STU0115,23CS115,Ira Patel,Computer Science & Engineering,3,5,CS306,STF010,6
SEL00691,2026-06-15 10:00:00,STU0116,23CS116,Avani Sundaram,Computer Science & Engineering,3,5,CS301,STF001,1
SEL00692,2026-06-15 10:00:00,STU0116,23CS116,Avani Sundaram,Computer Science & Engineering,3,5,CS302,STF011,2
SEL00693,2026-06-15 10:00:00,STU0116,23CS116,Avani Sundaram,Computer Science & Engineering,3,5,CS303,STF003,3
SEL00694,2026-06-15 10:00:00,STU0116,23CS116,Avani Sundaram,Computer Science & Engineering,3,5,CS304,STF003,4
SEL00695,2026-06-15 10:00:00,STU0116,23CS116,Avani Sundaram,Computer Science & Engineering,3,5,CS305,STF001,5
SEL00696,2026-06-15 10:00:00,STU0116,23CS116,Avani Sundaram,Computer Science & Engineering,3,5,CS306,STF011,6
SEL00697,2026-06-15 10:00:00,STU0117,23CS117,Riya Nair,Computer Science & Engineering,3,5,CS301,STF004,1
SEL00698,2026-06-15 10:00:00,STU0117,23CS117,Riya Nair,Computer Science & Engineering,3,5,CS302,STF002,2
SEL00699,2026-06-15 10:00:00,STU0117,23CS117,Riya Nair,Computer Science & Engineering,3,5,CS303,STF005,3
SEL00700,2026-06-15 10:00:00,STU0117,23CS117,Riya Nair,Computer Science & Engineering,3,5,CS304,STF005,4
SEL00701,2026-06-15 10:00:00,STU0117,23CS117,Riya Nair,Computer Science & Engineering,3,5,CS305,STF006,5
SEL00702,2026-06-15 10:00:00,STU0117,23CS117,Riya Nair,Computer Science & Engineering,3,5,CS306,STF007,6
SEL00703,2026-06-15 10:00:00,STU0118,23CS118,Kavya Menon,Computer Science & Engineering,3,5,CS301,STF008,1
SEL00704,2026-06-15 10:00:00,STU0118,23CS118,Kavya Menon,Computer Science & Engineering,3,5,CS302,STF006,2
SEL00705,2026-06-15 10:00:00,STU0118,23CS118,Kavya Menon,Computer Science & Engineering,3,5,CS303,STF009,3
SEL00706,2026-06-15 10:00:00,STU0118,23CS118,Kavya Menon,Computer Science & Engineering,3,5,CS304,STF009,4
SEL00707,2026-06-15 10:00:00,STU0118,23CS118,Kavya Menon,Computer Science & Engineering,3,5,CS305,STF008,5
SEL00708,2026-06-15 10:00:00,STU0118,23CS118,Kavya Menon,Computer Science & Engineering,3,5,CS306,STF010,6
SEL00709,2026-06-15 10:00:00,STU0119,23CS119,Meera Rao,Computer Science & Engineering,3,5,CS301,STF012,1
SEL00710,2026-06-15 10:00:00,STU0119,23CS119,Meera Rao,Computer Science & Engineering,3,5,CS302,STF011,2
SEL00711,2026-06-15 10:00:00,STU0119,23CS119,Meera Rao,Computer Science & Engineering,3,5,CS303,STF014,3
SEL00712,2026-06-15 10:00:00,STU0119,23CS119,Meera Rao,Computer Science & Engineering,3,5,CS304,STF013,4
SEL00713,2026-06-15 10:00:00,STU0119,23CS119,Meera Rao,Computer Science & Engineering,3,5,CS305,STF012,5
SEL00714,2026-06-15 10:00:00,STU0119,23CS119,Meera Rao,Computer Science & Engineering,3,5,CS306,STF011,6
SEL00715,2026-06-15 10:00:00,STU0120,23CS120,Sneha Reddy,Computer Science & Engineering,3,5,CS301,STF001,1
SEL00716,2026-06-15 10:00:00,STU0120,23CS120,Sneha Reddy,Computer Science & Engineering,3,5,CS302,STF002,2
SEL00717,2026-06-15 10:00:00,STU0120,23CS120,Sneha Reddy,Computer Science & Engineering,3,5,CS303,STF003,3
SEL00718,2026-06-15 10:00:00,STU0120,23CS120,Sneha Reddy,Computer Science & Engineering,3,5,CS304,STF003,4
SEL00719,2026-06-15 10:00:00,STU0120,23CS120,Sneha Reddy,Computer Science & Engineering,3,5,CS305,STF001,5
SEL00720,2026-06-15 10:00:00,STU0120,23CS120,Sneha Reddy,Computer Science & Engineering,3,5,CS306,STF007,6
SEL00721,2026-06-15 10:00:00,STU0121,23CS121,Aarav Gupta,Computer Science & Engineering,3,5,CS301,STF004,1
SEL00722,2026-06-15 10:00:00,STU0121,23CS121,Aarav Gupta,Computer Science & Engineering,3,5,CS302,STF006,2
SEL00723,2026-06-15 10:00:00,STU0121,23CS121,Aarav Gupta,Computer Science & Engineering,3,5,CS303,STF005,3
SEL00724,2026-06-15 10:00:00,STU0121,23CS121,Aarav Gupta,Computer Science & Engineering,3,5,CS304,STF005,4
SEL00725,2026-06-15 10:00:00,STU0121,23CS121,Aarav Gupta,Computer Science & Engineering,3,5,CS305,STF006,5
SEL00726,2026-06-15 10:00:00,STU0121,23CS121,Aarav Gupta,Computer Science & Engineering,3,5,CS306,STF010,6
SEL00727,2026-06-15 10:00:00,STU0122,23CS122,Vivaan Kumar,Computer Science & Engineering,3,5,CS301,STF008,1
SEL00728,2026-06-15 10:00:00,STU0122,23CS122,Vivaan Kumar,Computer Science & Engineering,3,5,CS302,STF011,2
SEL00729,2026-06-15 10:00:00,STU0122,23CS122,Vivaan Kumar,Computer Science & Engineering,3,5,CS303,STF009,3
SEL00730,2026-06-15 10:00:00,STU0122,23CS122,Vivaan Kumar,Computer Science & Engineering,3,5,CS304,STF009,4
SEL00731,2026-06-15 10:00:00,STU0122,23CS122,Vivaan Kumar,Computer Science & Engineering,3,5,CS305,STF008,5
SEL00732,2026-06-15 10:00:00,STU0122,23CS122,Vivaan Kumar,Computer Science & Engineering,3,5,CS306,STF011,6
SEL00733,2026-06-15 10:00:00,STU0123,23CS123,Aditya Singh,Computer Science & Engineering,3,5,CS301,STF012,1
SEL00734,2026-06-15 10:00:00,STU0123,23CS123,Aditya Singh,Computer Science & Engineering,3,5,CS302,STF002,2
SEL00735,2026-06-15 10:00:00,STU0123,23CS123,Aditya Singh,Computer Science & Engineering,3,5,CS303,STF014,3
SEL00736,2026-06-15 10:00:00,STU0123,23CS123,Aditya Singh,Computer Science & Engineering,3,5,CS304,STF013,4
SEL00737,2026-06-15 10:00:00,STU0123,23CS123,Aditya Singh,Computer Science & Engineering,3,5,CS305,STF012,5
SEL00738,2026-06-15 10:00:00,STU0123,23CS123,Aditya Singh,Computer Science & Engineering,3,5,CS306,STF007,6
SEL00739,2026-06-15 10:00:00,STU0124,23CS124,Vihaan Chopra,Computer Science & Engineering,3,5,CS301,STF001,1
SEL00740,2026-06-15 10:00:00,STU0124,23CS124,Vihaan Chopra,Computer Science & Engineering,3,5,CS302,STF006,2
SEL00741,2026-06-15 10:00:00,STU0124,23CS124,Vihaan Chopra,Computer Science & Engineering,3,5,CS303,STF003,3
SEL00742,2026-06-15 10:00:00,STU0124,23CS124,Vihaan Chopra,Computer Science & Engineering,3,5,CS304,STF003,4
SEL00743,2026-06-15 10:00:00,STU0124,23CS124,Vihaan Chopra,Computer Science & Engineering,3,5,CS305,STF001,5
SEL00744,2026-06-15 10:00:00,STU0124,23CS124,Vihaan Chopra,Computer Science & Engineering,3,5,CS306,STF010,6
SEL00745,2026-06-15 10:00:00,STU0125,23CS125,Arjun Joshi,Computer Science & Engineering,3,5,CS301,STF004,1
SEL00746,2026-06-15 10:00:00,STU0125,23CS125,Arjun Joshi,Computer Science & Engineering,3,5,CS302,STF011,2
SEL00747,2026-06-15 10:00:00,STU0125,23CS125,Arjun Joshi,Computer Science & Engineering,3,5,CS303,STF005,3
SEL00748,2026-06-15 10:00:00,STU0125,23CS125,Arjun Joshi,Computer Science & Engineering,3,5,CS304,STF005,4
SEL00749,2026-06-15 10:00:00,STU0125,23CS125,Arjun Joshi,Computer Science & Engineering,3,5,CS305,STF006,5
SEL00750,2026-06-15 10:00:00,STU0125,23CS125,Arjun Joshi,Computer Science & Engineering,3,5,CS306,STF011,6
SEL00751,2026-06-15 10:00:00,STU0126,23CS126,Sai Mukherjee,Computer Science & Engineering,3,5,CS301,STF008,1
SEL00752,2026-06-15 10:00:00,STU0126,23CS126,Sai Mukherjee,Computer Science & Engineering,3,5,CS302,STF002,2
SEL00753,2026-06-15 10:00:00,STU0126,23CS126,Sai Mukherjee,Computer Science & Engineering,3,5,CS303,STF009,3
SEL00754,2026-06-15 10:00:00,STU0126,23CS126,Sai Mukherjee,Computer Science & Engineering,3,5,CS304,STF009,4
SEL00755,2026-06-15 10:00:00,STU0126,23CS126,Sai Mukherjee,Computer Science & Engineering,3,5,CS305,STF008,5
SEL00756,2026-06-15 10:00:00,STU0126,23CS126,Sai Mukherjee,Computer Science & Engineering,3,5,CS306,STF007,6
SEL00757,2026-06-15 10:00:00,STU0127,23CS127,Reyansh Das,Computer Science & Engineering,3,5,CS301,STF012,1
SEL00758,2026-06-15 10:00:00,STU0127,23CS127,Reyansh Das,Computer Science & Engineering,3,5,CS302,STF006,2
SEL00759,2026-06-15 10:00:00,STU0127,23CS127,Reyansh Das,Computer Science & Engineering,3,5,CS303,STF014,3
SEL00760,2026-06-15 10:00:00,STU0127,23CS127,Reyansh Das,Computer Science & Engineering,3,5,CS304,STF013,4
SEL00761,2026-06-15 10:00:00,STU0127,23CS127,Reyansh Das,Computer Science & Engineering,3,5,CS305,STF012,5
SEL00762,2026-06-15 10:00:00,STU0127,23CS127,Reyansh Das,Computer Science & Engineering,3,5,CS306,STF010,6
SEL00763,2026-06-15 10:00:00,STU0128,23CS128,Ayaan Bose,Computer Science & Engineering,3,5,CS301,STF001,1
SEL00764,2026-06-15 10:00:00,STU0128,23CS128,Ayaan Bose,Computer Science & Engineering,3,5,CS302,STF011,2
SEL00765,2026-06-15 10:00:00,STU0128,23CS128,Ayaan Bose,Computer Science & Engineering,3,5,CS303,STF003,3
SEL00766,2026-06-15 10:00:00,STU0128,23CS128,Ayaan Bose,Computer Science & Engineering,3,5,CS304,STF003,4
SEL00767,2026-06-15 10:00:00,STU0128,23CS128,Ayaan Bose,Computer Science & Engineering,3,5,CS305,STF001,5
SEL00768,2026-06-15 10:00:00,STU0128,23CS128,Ayaan Bose,Computer Science & Engineering,3,5,CS306,STF011,6
SEL00769,2026-06-15 10:00:00,STU0129,23CS129,Krishna Sharma,Computer Science & Engineering,3,5,CS301,STF004,1
SEL00770,2026-06-15 10:00:00,STU0129,23CS129,Krishna Sharma,Computer Science & Engineering,3,5,CS302,STF002,2
SEL00771,2026-06-15 10:00:00,STU0129,23CS129,Krishna Sharma,Computer Science & Engineering,3,5,CS303,STF005,3
SEL00772,2026-06-15 10:00:00,STU0129,23CS129,Krishna Sharma,Computer Science & Engineering,3,5,CS304,STF005,4
SEL00773,2026-06-15 10:00:00,STU0129,23CS129,Krishna Sharma,Computer Science & Engineering,3,5,CS305,STF006,5
SEL00774,2026-06-15 10:00:00,STU0129,23CS129,Krishna Sharma,Computer Science & Engineering,3,5,CS306,STF007,6
SEL00775,2026-06-15 10:00:00,STU0130,23CS130,Ishaan Verma,Computer Science & Engineering,3,5,CS301,STF008,1
SEL00776,2026-06-15 10:00:00,STU0130,23CS130,Ishaan Verma,Computer Science & Engineering,3,5,CS302,STF006,2
SEL00777,2026-06-15 10:00:00,STU0130,23CS130,Ishaan Verma,Computer Science & Engineering,3,5,CS303,STF009,3
SEL00778,2026-06-15 10:00:00,STU0130,23CS130,Ishaan Verma,Computer Science & Engineering,3,5,CS304,STF009,4
SEL00779,2026-06-15 10:00:00,STU0130,23CS130,Ishaan Verma,Computer Science & Engineering,3,5,CS305,STF008,5
SEL00780,2026-06-15 10:00:00,STU0130,23CS130,Ishaan Verma,Computer Science & Engineering,3,5,CS306,STF010,6
SEL00781,2026-06-15 10:00:00,STU0131,23CS131,Shaurya Patel,Computer Science & Engineering,3,5,CS301,STF012,1
SEL00782,2026-06-15 10:00:00,STU0131,23CS131,Shaurya Patel,Computer Science & Engineering,3,5,CS302,STF011,2
SEL00783,2026-06-15 10:00:00,STU0131,23CS131,Shaurya Patel,Computer Science & Engineering,3,5,CS303,STF014,3
SEL00784,2026-06-15 10:00:00,STU0131,23CS131,Shaurya Patel,Computer Science & Engineering,3,5,CS304,STF013,4
SEL00785,2026-06-15 10:00:00,STU0131,23CS131,Shaurya Patel,Computer Science & Engineering,3,5,CS305,STF012,5
SEL00786,2026-06-15 10:00:00,STU0131,23CS131,Shaurya Patel,Computer Science & Engineering,3,5,CS306,STF011,6
SEL00787,2026-06-15 10:00:00,STU0132,23CS132,Atharva Sundaram,Computer Science & Engineering,3,5,CS301,STF001,1
SEL00788,2026-06-15 10:00:00,STU0132,23CS132,Atharva Sundaram,Computer Science & Engineering,3,5,CS302,STF002,2
SEL00789,2026-06-15 10:00:00,STU0132,23CS132,Atharva Sundaram,Computer Science & Engineering,3,5,CS303,STF003,3
SEL00790,2026-06-15 10:00:00,STU0132,23CS132,Atharva Sundaram,Computer Science & Engineering,3,5,CS304,STF003,4
SEL00791,2026-06-15 10:00:00,STU0132,23CS132,Atharva Sundaram,Computer Science & Engineering,3,5,CS305,STF001,5
SEL00792,2026-06-15 10:00:00,STU0132,23CS132,Atharva Sundaram,Computer Science & Engineering,3,5,CS306,STF007,6
SEL00793,2026-06-15 10:00:00,STU0133,23CS133,Diya Nair,Computer Science & Engineering,3,5,CS301,STF004,1
SEL00794,2026-06-15 10:00:00,STU0133,23CS133,Diya Nair,Computer Science & Engineering,3,5,CS302,STF006,2
SEL00795,2026-06-15 10:00:00,STU0133,23CS133,Diya Nair,Computer Science & Engineering,3,5,CS303,STF005,3
SEL00796,2026-06-15 10:00:00,STU0133,23CS133,Diya Nair,Computer Science & Engineering,3,5,CS304,STF005,4
SEL00797,2026-06-15 10:00:00,STU0133,23CS133,Diya Nair,Computer Science & Engineering,3,5,CS305,STF006,5
SEL00798,2026-06-15 10:00:00,STU0133,23CS133,Diya Nair,Computer Science & Engineering,3,5,CS306,STF010,6
SEL00799,2026-06-15 10:00:00,STU0134,23CS134,Ananya Menon,Computer Science & Engineering,3,5,CS301,STF008,1
SEL00800,2026-06-15 10:00:00,STU0134,23CS134,Ananya Menon,Computer Science & Engineering,3,5,CS302,STF011,2
SEL00801,2026-06-15 10:00:00,STU0134,23CS134,Ananya Menon,Computer Science & Engineering,3,5,CS303,STF009,3
SEL00802,2026-06-15 10:00:00,STU0134,23CS134,Ananya Menon,Computer Science & Engineering,3,5,CS304,STF009,4
SEL00803,2026-06-15 10:00:00,STU0134,23CS134,Ananya Menon,Computer Science & Engineering,3,5,CS305,STF008,5
SEL00804,2026-06-15 10:00:00,STU0134,23CS134,Ananya Menon,Computer Science & Engineering,3,5,CS306,STF011,6
SEL00805,2026-06-15 10:00:00,STU0135,23CS135,Aadhya Rao,Computer Science & Engineering,3,5,CS301,STF012,1
SEL00806,2026-06-15 10:00:00,STU0135,23CS135,Aadhya Rao,Computer Science & Engineering,3,5,CS302,STF002,2
SEL00807,2026-06-15 10:00:00,STU0135,23CS135,Aadhya Rao,Computer Science & Engineering,3,5,CS303,STF014,3
SEL00808,2026-06-15 10:00:00,STU0135,23CS135,Aadhya Rao,Computer Science & Engineering,3,5,CS304,STF013,4
SEL00809,2026-06-15 10:00:00,STU0135,23CS135,Aadhya Rao,Computer Science & Engineering,3,5,CS305,STF012,5
SEL00810,2026-06-15 10:00:00,STU0135,23CS135,Aadhya Rao,Computer Science & Engineering,3,5,CS306,STF007,6
SEL00811,2026-06-15 10:00:00,STU0136,23CS136,Pari Reddy,Computer Science & Engineering,3,5,CS301,STF001,1
SEL00812,2026-06-15 10:00:00,STU0136,23CS136,Pari Reddy,Computer Science & Engineering,3,5,CS302,STF006,2
SEL00813,2026-06-15 10:00:00,STU0136,23CS136,Pari Reddy,Computer Science & Engineering,3,5,CS303,STF003,3
SEL00814,2026-06-15 10:00:00,STU0136,23CS136,Pari Reddy,Computer Science & Engineering,3,5,CS304,STF003,4
SEL00815,2026-06-15 10:00:00,STU0136,23CS136,Pari Reddy,Computer Science & Engineering,3,5,CS305,STF001,5
SEL00816,2026-06-15 10:00:00,STU0136,23CS136,Pari Reddy,Computer Science & Engineering,3,5,CS306,STF010,6
SEL00817,2026-06-15 10:00:00,STU0137,23CS137,Saanvi Gupta,Computer Science & Engineering,3,5,CS301,STF004,1
SEL00818,2026-06-15 10:00:00,STU0137,23CS137,Saanvi Gupta,Computer Science & Engineering,3,5,CS302,STF011,2
SEL00819,2026-06-15 10:00:00,STU0137,23CS137,Saanvi Gupta,Computer Science & Engineering,3,5,CS303,STF005,3
SEL00820,2026-06-15 10:00:00,STU0137,23CS137,Saanvi Gupta,Computer Science & Engineering,3,5,CS304,STF005,4
SEL00821,2026-06-15 10:00:00,STU0137,23CS137,Saanvi Gupta,Computer Science & Engineering,3,5,CS305,STF006,5
SEL00822,2026-06-15 10:00:00,STU0137,23CS137,Saanvi Gupta,Computer Science & Engineering,3,5,CS306,STF011,6
SEL00823,2026-06-15 10:00:00,STU0138,23CS138,Myra Kumar,Computer Science & Engineering,3,5,CS301,STF008,1
SEL00824,2026-06-15 10:00:00,STU0138,23CS138,Myra Kumar,Computer Science & Engineering,3,5,CS302,STF002,2
SEL00825,2026-06-15 10:00:00,STU0138,23CS138,Myra Kumar,Computer Science & Engineering,3,5,CS303,STF009,3
SEL00826,2026-06-15 10:00:00,STU0138,23CS138,Myra Kumar,Computer Science & Engineering,3,5,CS304,STF009,4
SEL00827,2026-06-15 10:00:00,STU0138,23CS138,Myra Kumar,Computer Science & Engineering,3,5,CS305,STF008,5
SEL00828,2026-06-15 10:00:00,STU0138,23CS138,Myra Kumar,Computer Science & Engineering,3,5,CS306,STF007,6
SEL00829,2026-06-15 10:00:00,STU0139,23CS139,Ira Singh,Computer Science & Engineering,3,5,CS301,STF012,1
SEL00830,2026-06-15 10:00:00,STU0139,23CS139,Ira Singh,Computer Science & Engineering,3,5,CS302,STF006,2
SEL00831,2026-06-15 10:00:00,STU0139,23CS139,Ira Singh,Computer Science & Engineering,3,5,CS303,STF014,3
SEL00832,2026-06-15 10:00:00,STU0139,23CS139,Ira Singh,Computer Science & Engineering,3,5,CS304,STF013,4
SEL00833,2026-06-15 10:00:00,STU0139,23CS139,Ira Singh,Computer Science & Engineering,3,5,CS305,STF012,5
SEL00834,2026-06-15 10:00:00,STU0139,23CS139,Ira Singh,Computer Science & Engineering,3,5,CS306,STF010,6
SEL00835,2026-06-15 10:00:00,STU0140,23CS140,Avani Chopra,Computer Science & Engineering,3,5,CS301,STF001,1
SEL00836,2026-06-15 10:00:00,STU0140,23CS140,Avani Chopra,Computer Science & Engineering,3,5,CS302,STF011,2
SEL00837,2026-06-15 10:00:00,STU0140,23CS140,Avani Chopra,Computer Science & Engineering,3,5,CS303,STF003,3
SEL00838,2026-06-15 10:00:00,STU0140,23CS140,Avani Chopra,Computer Science & Engineering,3,5,CS304,STF003,4
SEL00839,2026-06-15 10:00:00,STU0140,23CS140,Avani Chopra,Computer Science & Engineering,3,5,CS305,STF001,5
SEL00840,2026-06-15 10:00:00,STU0140,23CS140,Avani Chopra,Computer Science & Engineering,3,5,CS306,STF011,6
SEL00841,2026-06-15 10:00:00,STU0141,23CS141,Riya Joshi,Computer Science & Engineering,3,5,CS301,STF004,1
SEL00842,2026-06-15 10:00:00,STU0141,23CS141,Riya Joshi,Computer Science & Engineering,3,5,CS302,STF002,2
SEL00843,2026-06-15 10:00:00,STU0141,23CS141,Riya Joshi,Computer Science & Engineering,3,5,CS303,STF005,3
SEL00844,2026-06-15 10:00:00,STU0141,23CS141,Riya Joshi,Computer Science & Engineering,3,5,CS304,STF005,4
SEL00845,2026-06-15 10:00:00,STU0141,23CS141,Riya Joshi,Computer Science & Engineering,3,5,CS305,STF006,5
SEL00846,2026-06-15 10:00:00,STU0141,23CS141,Riya Joshi,Computer Science & Engineering,3,5,CS306,STF007,6
SEL00847,2026-06-15 10:00:00,STU0142,23CS142,Kavya Mukherjee,Computer Science & Engineering,3,5,CS301,STF008,1
SEL00848,2026-06-15 10:00:00,STU0142,23CS142,Kavya Mukherjee,Computer Science & Engineering,3,5,CS302,STF006,2
SEL00849,2026-06-15 10:00:00,STU0142,23CS142,Kavya Mukherjee,Computer Science & Engineering,3,5,CS303,STF009,3
SEL00850,2026-06-15 10:00:00,STU0142,23CS142,Kavya Mukherjee,Computer Science & Engineering,3,5,CS304,STF009,4
SEL00851,2026-06-15 10:00:00,STU0142,23CS142,Kavya Mukherjee,Computer Science & Engineering,3,5,CS305,STF008,5
SEL00852,2026-06-15 10:00:00,STU0142,23CS142,Kavya Mukherjee,Computer Science & Engineering,3,5,CS306,STF010,6
SEL00853,2026-06-15 10:00:00,STU0143,23CS143,Meera Das,Computer Science & Engineering,3,5,CS301,STF012,1
SEL00854,2026-06-15 10:00:00,STU0143,23CS143,Meera Das,Computer Science & Engineering,3,5,CS302,STF011,2
SEL00855,2026-06-15 10:00:00,STU0143,23CS143,Meera Das,Computer Science & Engineering,3,5,CS303,STF014,3
SEL00856,2026-06-15 10:00:00,STU0143,23CS143,Meera Das,Computer Science & Engineering,3,5,CS304,STF013,4
SEL00857,2026-06-15 10:00:00,STU0143,23CS143,Meera Das,Computer Science & Engineering,3,5,CS305,STF012,5
SEL00858,2026-06-15 10:00:00,STU0143,23CS143,Meera Das,Computer Science & Engineering,3,5,CS306,STF011,6
SEL00859,2026-06-15 10:00:00,STU0144,23CS144,Sneha Bose,Computer Science & Engineering,3,5,CS301,STF001,1
SEL00860,2026-06-15 10:00:00,STU0144,23CS144,Sneha Bose,Computer Science & Engineering,3,5,CS302,STF002,2
SEL00861,2026-06-15 10:00:00,STU0144,23CS144,Sneha Bose,Computer Science & Engineering,3,5,CS303,STF003,3
SEL00862,2026-06-15 10:00:00,STU0144,23CS144,Sneha Bose,Computer Science & Engineering,3,5,CS304,STF003,4
SEL00863,2026-06-15 10:00:00,STU0144,23CS144,Sneha Bose,Computer Science & Engineering,3,5,CS305,STF001,5
SEL00864,2026-06-15 10:00:00,STU0144,23CS144,Sneha Bose,Computer Science & Engineering,3,5,CS306,STF007,6
SEL00865,2026-06-15 10:00:00,STU0145,23CS145,Aarav Sharma,Computer Science & Engineering,3,5,CS301,STF004,1
SEL00866,2026-06-15 10:00:00,STU0145,23CS145,Aarav Sharma,Computer Science & Engineering,3,5,CS302,STF006,2
SEL00867,2026-06-15 10:00:00,STU0145,23CS145,Aarav Sharma,Computer Science & Engineering,3,5,CS303,STF005,3
SEL00868,2026-06-15 10:00:00,STU0145,23CS145,Aarav Sharma,Computer Science & Engineering,3,5,CS304,STF005,4
SEL00869,2026-06-15 10:00:00,STU0145,23CS145,Aarav Sharma,Computer Science & Engineering,3,5,CS305,STF006,5
SEL00870,2026-06-15 10:00:00,STU0145,23CS145,Aarav Sharma,Computer Science & Engineering,3,5,CS306,STF010,6
SEL00871,2026-06-15 10:00:00,STU0146,23CS146,Vivaan Verma,Computer Science & Engineering,3,5,CS301,STF008,1
SEL00872,2026-06-15 10:00:00,STU0146,23CS146,Vivaan Verma,Computer Science & Engineering,3,5,CS302,STF011,2
SEL00873,2026-06-15 10:00:00,STU0146,23CS146,Vivaan Verma,Computer Science & Engineering,3,5,CS303,STF009,3
SEL00874,2026-06-15 10:00:00,STU0146,23CS146,Vivaan Verma,Computer Science & Engineering,3,5,CS304,STF009,4
SEL00875,2026-06-15 10:00:00,STU0146,23CS146,Vivaan Verma,Computer Science & Engineering,3,5,CS305,STF008,5
SEL00876,2026-06-15 10:00:00,STU0146,23CS146,Vivaan Verma,Computer Science & Engineering,3,5,CS306,STF011,6
SEL00877,2026-06-15 10:00:00,STU0147,23CS147,Aditya Patel,Computer Science & Engineering,3,5,CS301,STF012,1
SEL00878,2026-06-15 10:00:00,STU0147,23CS147,Aditya Patel,Computer Science & Engineering,3,5,CS302,STF002,2
SEL00879,2026-06-15 10:00:00,STU0147,23CS147,Aditya Patel,Computer Science & Engineering,3,5,CS303,STF014,3
SEL00880,2026-06-15 10:00:00,STU0147,23CS147,Aditya Patel,Computer Science & Engineering,3,5,CS304,STF013,4
SEL00881,2026-06-15 10:00:00,STU0147,23CS147,Aditya Patel,Computer Science & Engineering,3,5,CS305,STF012,5
SEL00882,2026-06-15 10:00:00,STU0147,23CS147,Aditya Patel,Computer Science & Engineering,3,5,CS306,STF007,6
SEL00883,2026-06-15 10:00:00,STU0148,23CS148,Vihaan Sundaram,Computer Science & Engineering,3,5,CS301,STF001,1
SEL00884,2026-06-15 10:00:00,STU0148,23CS148,Vihaan Sundaram,Computer Science & Engineering,3,5,CS302,STF006,2
SEL00885,2026-06-15 10:00:00,STU0148,23CS148,Vihaan Sundaram,Computer Science & Engineering,3,5,CS303,STF003,3
SEL00886,2026-06-15 10:00:00,STU0148,23CS148,Vihaan Sundaram,Computer Science & Engineering,3,5,CS304,STF003,4
SEL00887,2026-06-15 10:00:00,STU0148,23CS148,Vihaan Sundaram,Computer Science & Engineering,3,5,CS305,STF001,5
SEL00888,2026-06-15 10:00:00,STU0148,23CS148,Vihaan Sundaram,Computer Science & Engineering,3,5,CS306,STF010,6
SEL00889,2026-06-15 10:00:00,STU0149,23CS149,Arjun Nair,Computer Science & Engineering,3,5,CS301,STF004,1
SEL00890,2026-06-15 10:00:00,STU0149,23CS149,Arjun Nair,Computer Science & Engineering,3,5,CS302,STF011,2
SEL00891,2026-06-15 10:00:00,STU0149,23CS149,Arjun Nair,Computer Science & Engineering,3,5,CS303,STF005,3
SEL00892,2026-06-15 10:00:00,STU0149,23CS149,Arjun Nair,Computer Science & Engineering,3,5,CS304,STF005,4
SEL00893,2026-06-15 10:00:00,STU0149,23CS149,Arjun Nair,Computer Science & Engineering,3,5,CS305,STF006,5
SEL00894,2026-06-15 10:00:00,STU0149,23CS149,Arjun Nair,Computer Science & Engineering,3,5,CS306,STF011,6
SEL00895,2026-06-15 10:00:00,STU0150,23CS150,Sai Menon,Computer Science & Engineering,3,5,CS301,STF008,1
SEL00896,2026-06-15 10:00:00,STU0150,23CS150,Sai Menon,Computer Science & Engineering,3,5,CS302,STF002,2
SEL00897,2026-06-15 10:00:00,STU0150,23CS150,Sai Menon,Computer Science & Engineering,3,5,CS303,STF009,3
SEL00898,2026-06-15 10:00:00,STU0150,23CS150,Sai Menon,Computer Science & Engineering,3,5,CS304,STF009,4
SEL00899,2026-06-15 10:00:00,STU0150,23CS150,Sai Menon,Computer Science & Engineering,3,5,CS305,STF008,5
SEL00900,2026-06-15 10:00:00,STU0150,23CS150,Sai Menon,Computer Science & Engineering,3,5,CS306,STF007,6
SEL00901,2026-06-15 10:00:00,STU0151,23CS151,Reyansh Rao,Computer Science & Engineering,3,5,CS301,STF012,1
SEL00902,2026-06-15 10:00:00,STU0151,23CS151,Reyansh Rao,Computer Science & Engineering,3,5,CS302,STF006,2
SEL00903,2026-06-15 10:00:00,STU0151,23CS151,Reyansh Rao,Computer Science & Engineering,3,5,CS303,STF014,3
SEL00904,2026-06-15 10:00:00,STU0151,23CS151,Reyansh Rao,Computer Science & Engineering,3,5,CS304,STF013,4
SEL00905,2026-06-15 10:00:00,STU0151,23CS151,Reyansh Rao,Computer Science & Engineering,3,5,CS305,STF012,5
SEL00906,2026-06-15 10:00:00,STU0151,23CS151,Reyansh Rao,Computer Science & Engineering,3,5,CS306,STF010,6
SEL00907,2026-06-15 10:00:00,STU0152,23CS152,Ayaan Reddy,Computer Science & Engineering,3,5,CS301,STF001,1
SEL00908,2026-06-15 10:00:00,STU0152,23CS152,Ayaan Reddy,Computer Science & Engineering,3,5,CS302,STF011,2
SEL00909,2026-06-15 10:00:00,STU0152,23CS152,Ayaan Reddy,Computer Science & Engineering,3,5,CS303,STF003,3
SEL00910,2026-06-15 10:00:00,STU0152,23CS152,Ayaan Reddy,Computer Science & Engineering,3,5,CS304,STF003,4
SEL00911,2026-06-15 10:00:00,STU0152,23CS152,Ayaan Reddy,Computer Science & Engineering,3,5,CS305,STF001,5
SEL00912,2026-06-15 10:00:00,STU0152,23CS152,Ayaan Reddy,Computer Science & Engineering,3,5,CS306,STF011,6
SEL00913,2026-06-15 10:00:00,STU0153,23CS153,Krishna Gupta,Computer Science & Engineering,3,5,CS301,STF004,1
SEL00914,2026-06-15 10:00:00,STU0153,23CS153,Krishna Gupta,Computer Science & Engineering,3,5,CS302,STF002,2
SEL00915,2026-06-15 10:00:00,STU0153,23CS153,Krishna Gupta,Computer Science & Engineering,3,5,CS303,STF005,3
SEL00916,2026-06-15 10:00:00,STU0153,23CS153,Krishna Gupta,Computer Science & Engineering,3,5,CS304,STF005,4
SEL00917,2026-06-15 10:00:00,STU0153,23CS153,Krishna Gupta,Computer Science & Engineering,3,5,CS305,STF006,5
SEL00918,2026-06-15 10:00:00,STU0153,23CS153,Krishna Gupta,Computer Science & Engineering,3,5,CS306,STF007,6
SEL00919,2026-06-15 10:00:00,STU0154,23CS154,Ishaan Kumar,Computer Science & Engineering,3,5,CS301,STF008,1
SEL00920,2026-06-15 10:00:00,STU0154,23CS154,Ishaan Kumar,Computer Science & Engineering,3,5,CS302,STF006,2
SEL00921,2026-06-15 10:00:00,STU0154,23CS154,Ishaan Kumar,Computer Science & Engineering,3,5,CS303,STF009,3
SEL00922,2026-06-15 10:00:00,STU0154,23CS154,Ishaan Kumar,Computer Science & Engineering,3,5,CS304,STF009,4
SEL00923,2026-06-15 10:00:00,STU0154,23CS154,Ishaan Kumar,Computer Science & Engineering,3,5,CS305,STF008,5
SEL00924,2026-06-15 10:00:00,STU0154,23CS154,Ishaan Kumar,Computer Science & Engineering,3,5,CS306,STF010,6
SEL00925,2026-06-15 10:00:00,STU0155,23CS155,Shaurya Singh,Computer Science & Engineering,3,5,CS301,STF012,1
SEL00926,2026-06-15 10:00:00,STU0155,23CS155,Shaurya Singh,Computer Science & Engineering,3,5,CS302,STF011,2
SEL00927,2026-06-15 10:00:00,STU0155,23CS155,Shaurya Singh,Computer Science & Engineering,3,5,CS303,STF014,3
SEL00928,2026-06-15 10:00:00,STU0155,23CS155,Shaurya Singh,Computer Science & Engineering,3,5,CS304,STF013,4
SEL00929,2026-06-15 10:00:00,STU0155,23CS155,Shaurya Singh,Computer Science & Engineering,3,5,CS305,STF012,5
SEL00930,2026-06-15 10:00:00,STU0155,23CS155,Shaurya Singh,Computer Science & Engineering,3,5,CS306,STF011,6
SEL00931,2026-06-15 10:00:00,STU0156,23CS156,Atharva Chopra,Computer Science & Engineering,3,5,CS301,STF001,1
SEL00932,2026-06-15 10:00:00,STU0156,23CS156,Atharva Chopra,Computer Science & Engineering,3,5,CS302,STF002,2
SEL00933,2026-06-15 10:00:00,STU0156,23CS156,Atharva Chopra,Computer Science & Engineering,3,5,CS303,STF003,3
SEL00934,2026-06-15 10:00:00,STU0156,23CS156,Atharva Chopra,Computer Science & Engineering,3,5,CS304,STF003,4
SEL00935,2026-06-15 10:00:00,STU0156,23CS156,Atharva Chopra,Computer Science & Engineering,3,5,CS305,STF001,5
SEL00936,2026-06-15 10:00:00,STU0156,23CS156,Atharva Chopra,Computer Science & Engineering,3,5,CS306,STF007,6
SEL00937,2026-06-15 10:00:00,STU0157,23CS157,Diya Joshi,Computer Science & Engineering,3,5,CS301,STF004,1
SEL00938,2026-06-15 10:00:00,STU0157,23CS157,Diya Joshi,Computer Science & Engineering,3,5,CS302,STF006,2
SEL00939,2026-06-15 10:00:00,STU0157,23CS157,Diya Joshi,Computer Science & Engineering,3,5,CS303,STF005,3
SEL00940,2026-06-15 10:00:00,STU0157,23CS157,Diya Joshi,Computer Science & Engineering,3,5,CS304,STF005,4
SEL00941,2026-06-15 10:00:00,STU0157,23CS157,Diya Joshi,Computer Science & Engineering,3,5,CS305,STF006,5
SEL00942,2026-06-15 10:00:00,STU0157,23CS157,Diya Joshi,Computer Science & Engineering,3,5,CS306,STF010,6
SEL00943,2026-06-15 10:00:00,STU0158,23CS158,Ananya Mukherjee,Computer Science & Engineering,3,5,CS301,STF008,1
SEL00944,2026-06-15 10:00:00,STU0158,23CS158,Ananya Mukherjee,Computer Science & Engineering,3,5,CS302,STF011,2
SEL00945,2026-06-15 10:00:00,STU0158,23CS158,Ananya Mukherjee,Computer Science & Engineering,3,5,CS303,STF009,3
SEL00946,2026-06-15 10:00:00,STU0158,23CS158,Ananya Mukherjee,Computer Science & Engineering,3,5,CS304,STF009,4
SEL00947,2026-06-15 10:00:00,STU0158,23CS158,Ananya Mukherjee,Computer Science & Engineering,3,5,CS305,STF008,5
SEL00948,2026-06-15 10:00:00,STU0158,23CS158,Ananya Mukherjee,Computer Science & Engineering,3,5,CS306,STF011,6
SEL00949,2026-06-15 10:00:00,STU0159,23CS159,Aadhya Das,Computer Science & Engineering,3,5,CS301,STF012,1
SEL00950,2026-06-15 10:00:00,STU0159,23CS159,Aadhya Das,Computer Science & Engineering,3,5,CS302,STF002,2
SEL00951,2026-06-15 10:00:00,STU0159,23CS159,Aadhya Das,Computer Science & Engineering,3,5,CS303,STF014,3
SEL00952,2026-06-15 10:00:00,STU0159,23CS159,Aadhya Das,Computer Science & Engineering,3,5,CS304,STF013,4
SEL00953,2026-06-15 10:00:00,STU0159,23CS159,Aadhya Das,Computer Science & Engineering,3,5,CS305,STF012,5
SEL00954,2026-06-15 10:00:00,STU0159,23CS159,Aadhya Das,Computer Science & Engineering,3,5,CS306,STF007,6
SEL00955,2026-06-15 10:00:00,STU0160,23CS160,Pari Bose,Computer Science & Engineering,3,5,CS301,STF001,1
SEL00956,2026-06-15 10:00:00,STU0160,23CS160,Pari Bose,Computer Science & Engineering,3,5,CS302,STF006,2
SEL00957,2026-06-15 10:00:00,STU0160,23CS160,Pari Bose,Computer Science & Engineering,3,5,CS303,STF003,3
SEL00958,2026-06-15 10:00:00,STU0160,23CS160,Pari Bose,Computer Science & Engineering,3,5,CS304,STF003,4
SEL00959,2026-06-15 10:00:00,STU0160,23CS160,Pari Bose,Computer Science & Engineering,3,5,CS305,STF001,5
SEL00960,2026-06-15 10:00:00,STU0160,23CS160,Pari Bose,Computer Science & Engineering,3,5,CS306,STF010,6
